name,type,confidence,n_entries,spelling_variants,index_letters,example_entry,,,name,type,confidence,n_entries,spelling_variants,index_letters,example_entry
Abbey Church of Batteil,place,0.97,1,Abbey Church of Batteil,A,"Abbey Church of Batteil, dedicated to S. Martin. 325.36",,,,,,,,,
Abbey of Lucresse,place,0.97,1,Abbey of Lucresse,A,Abbey of Lucresse conmonly called delacresse built by Radulen Erle of Chester. 618.12.,,,,,,,,,
Abbey of Peterburgh,place,0.92,1,Abbey of Peterburgh,A,Abbey of Peterburgh & Crowland spoyled by King Iohn. 604.73.,,,,,,,,,
Abingdon abbey,place,0.95,2,Abingdon Abbey | Abingdon abbey,A,"Abingdon Abbey finished, and set in good order. 234.7.",,,,,,,,,
Achikelmeslawe,place,0.89,1,Achikelmeslawe,A,"Achikelmeslawe, spoyled by the Danes. 244.36.",,,,,,,,,
Acres Citie,place,0.97,1,Acres Citie,A,Acres Citie besieged by the Christians. 493.73. surrendred into ye Christian mens handes. 500.79.,,,,,,,,,
Affrica,place,0.81,1,Affrica,A,Affrica alotted vnto Cham. 1.77.,,,,,,,,,
Agencourt battell,place,0.95,1,Agencourt battell,A,Agencourt battell. page. 1178 col. 2. line. 14.,,,,,,,,,
Ayre Towne,place,0.87,1,Ayre Towne,A,Ayre Towne wonne and brent by kyng Iohns Souldiers. 584.10.,,,,,,,,,
Akalon,place,0.84,1,Akalon,A,"Akalon, a riuer in Greece. 11.37.",,,,,,,,,
Albania,place,0.74,1,Albania,A,"Albania lyeth Northward, beyonde Humber. 16.48.",,,,,,,,,
Albanye,place,0.83,1,Albanye,A,"Albanye allotted to Albanact, now called Scotlãd. 16.44.",,,,,,,,,
Albemarle castle,place,0.9,2,Albemarle castle,A,Albemarle castle burned. 468.8.,,,,,,,,,
Albemarle in Normandie,place,0.67,1,Albemarle in Normandie,A,Albemarle in Normandie taken by king William Rufus. 321.58.,,,,,,,,,
Albemarle towne,place,0.85,1,Albemarle towne,A,"Albemarle towne besieged by the Earle of Flaunders, and taken. 429.21.",,,,,,,,,
Alclud citie,place,0.92,1,Alclud citie,A,"Alclud citie now decayed, builded. 18.15.",,,,,,,,,
Alcluid Citie,place,0.97,2,Alcluid Citie,A,Alcluid Citie destroyed by the Danes. 211.54.,,,,,,,,,
Aleria,place,0.82,1,Aleria,A,Aleria called Alize in Burgogne by whom builded. 6.45.,,,,,,,,,
Alerium Castle,place,0.87,1,Alerium Castle,A,"Alerium Castle, deliuered to king Henry the second. 410.6.",,,,,,,,,
Allerton castle,place,0.93,2,Allerton castle,A,Allerton castle. 436.28.,,,,,,,,,
Alnewicke castle,place,0.95,1,Alnewicke castle,A,Alnewicke castle. 324.64.,,,,,,,,,
Alnewike,place,0.97,1,Alnewike,A,"Alnewike besieged by the scots, but in vaine. 434.1.",,,,,,,,,
Alnewike Castle,place,0.97,1,Alnewike Castle,A,Alnewike Castle beseiges. pag. 1315. col. 1. line. 23.,,,,,,,,,
Amboys castle,place,0.94,2,Amboys castle,A,Amboys castle assured to Theo. bald Earle of Bloys. 427.20.,,,,,,,,,
Ambrei,place,0.83,1,Ambrei,A,"Ambrei, nowe called Salisburie. 118.36.",,,,,,,,,
Ambreuilliers castle,place,0.75,1,Ambreuilliers castle,A,Ambreuilliers castle taken by the Earle of Salisburie. pa. 1187. col. 2. lin. 6.,,,,,,,,,
Anandale,place,0.89,1,Anandale,A,Anandale spoyled. 830.27. b.,,,,,,,,,
Andell riuer in Normandie,place,0.97,1,Andell riuer in Normandie,A,Andell riuer in Normandie. 385.31.,,,,,,,,,
Andredecester Citie,place,0.82,1,Andredecester Citie,A,Andredecester Citie ouerthrowen. 125.87. and. 126.71,,,,,,,,,
Andredescester Citie,place,0.97,1,Andredescester Citie,A,Andredescester Citie besieged. 126.56.,,,,,,,,,
Andredesley wood,place,0.95,1,Andredesley wood,A,"Andredesley wood, with the length and breadth. 215.77",,,,,,,,,
Andredeswald wood,place,0.95,1,Andredeswald wood,A,Andredeswald wood. 194.12.,,,,,,,,,
Andredeswold,place,0.81,1,Andredeswold,A,Andredeswold in Sussex. 125.60.,,,,,,,,,
Andresey Ile,place,0.97,1,Andresey Ile,A,Andresey Ile. 208.16.,,,,,,,,,
Angiers,place,0.74,1,Angiers,A,Angiers taken by Queene Elianor. 543.82.,,,,,,,,,
Angiers Citie,place,0.94,2,Angiers Citie | Angiers citie,A,Angiers citie repaired agayne by king Iohn. 564.10.,,,,,,,,,
Anglesey,place,0.89,3,Anglesey,A,Anglesey woonne by the Romanes. 59.114,,,,,,,,,
Anglesey Ile,place,0.97,2,Anglesey Ile,A,Anglesey Ile. 787.12. b. won 791.4. b.,,,,,,,,,
Angolesme,place,0.66,1,Angolesme,A,Angolesme surrendred to the Earle of Derby. 927.55. b recouered. 928.35. b.,,,,,,,,,
Aniou,place,0.77,1,Aniou,A,Aniou wasted by Queene Elianor. 543.78.,,,,,,,,,
Apleby castle,place,0.82,1,Apleby castle,A,Apleby castle taken by ye Scots. 433.113.,,,,,,,,,
Appledore castle,place,0.87,1,Appledore castle,A,Appledore castle builded. 216.3.,,,,,,,,,
Aques citie,place,0.97,1,Aques citie,A,Aques citie besieged & woonne. 447.18.,,,,,,,,,
Aquitaine,place,0.89,2,Aquitaine,A,Aquitaine troubled with warre 978.40. b.,,,,,,,,,
Arde,place,0.85,2,Arde,A,Arde woonne by the Frenchmen. 1007.15. b.,,,,,,,,,
Arde castle,place,0.97,1,Arde castle,A,Arde castle built. 1581.2,,,,,,,,,
Armach,place,0.81,1,Armach,A,"Armach, Metropolitane towne of all Ireland, woonne. 448.74.",,,,,,,,,
Armorica,place,0.57,3,Armorica,A,"Armorica, what in the Britishe tongue it signifieth. 95.79. & 98.78.",,,,,,,,,
Arundel Castel,place,0.78,1,Arundel Castel,A,Arundel Castel besieged. 373.23.,,,,,,,,,
Arundel castle,place,0.74,1,Arundel castle,A,Arundel castle fortified against king Henry the fyrst. 339.62.,,,,,,,,,
Ascalon towne,place,0.82,1,Ascalon towne,A,Ascalon towne taken by the Englishmen. 503.49.,,,,,,,,,
Ashdon Churche,place,0.96,1,Ashdon Churche,A,Ashdon Churche in Essex builded. 262.97.,,,,,,,,,
Ashrugge Abbey,place,0.97,1,Ashrugge Abbey,A,Ashrugge Abbey founded. 782.4.,,,,,,,,,
Asia,place,0.87,1,Asia,A,Asia alotted vnto Sem. 1.75.,,,,,,,,,
Athelney,place,0.86,1,Athelney,A,"Athelney, in old time called Edlingsey. 217.55.",,,,,,,,,
Athelney fortresse in Edelynsey Ile,place,0.87,1,Athelney fortresse in Edelynsey Ile,A,Athelney fortresse in Edelynsey Ile builded. 214.74.,,,,,,,,,
Auberoch,place,0.89,1,Auberoch,A,Auberoch besieged by ye French men. 927.53. a.,,,,,,,,,
Auon castle,place,0.89,1,Auon castle,A,Auon castle builded. 222.80.,,,,,,,,,
Auon Riuer,place,0.97,1,Auon Riuer,A,Auon Riuer. 222.80.,,,,,,,,,
Badon hill,place,0.97,1,Badon hill,B,"Badon hill, supposed to be blackamore. 128.64.",,,,,,,,,
Baynardes Castle,place,0.95,1,Baynardes Castle,B,Baynardes Castle. pag. 1307. col. 1. lin. 41.,,,,,,,,,
Bayon,place,0.83,1,Bayon,B,Bayon yeelded to the Englishmen. 810.57. b.,,,,,,,,,
Bayon citie,place,0.97,1,Bayon citie,B,Bayon citie wonne. 447.22.,,,,,,,,,
Baldud well,place,0.75,1,Baldud well,B,Baldud well seene in the knowledge of Astrologie and Necromancie. 19.18.,,,,,,,,,
Balun Castle,place,0.9,1,Balun Castle,B,Balun Castle wonne by the Frenche king. 547.12.,,,,,,,,,
Bamborrough Castle,place,0.95,1,Bamborrough Castle,B,Bamborrough Castle. pag. 1313. col. 2. lin. 30. taken. pag. 1315. col. 1. lin. 38.,,,,,,,,,
Bambrough,place,0.84,1,Bambrough,B,Bambrough destroyed by the Danes. 240.46,,,,,,,,,
Bambure castle,place,0.87,1,Bambure castle,B,Bambure castle builded. 140.44.,,,,,,,,,
Bamburge castle,place,0.97,1,Bamburge castle,B,Bamburge castle recouered fron the Scots. 397.6.,,,,,,,,,
Banbery fielde,place,0.95,1,Banbery fielde,B,Banbery fielde. page. 1320. col. 1. lin. 27.,,,,,,,,,
Banbourgh castle,place,0.9,1,Banbourgh castle,B,"Banbourgh castle besieged, & yeelded to king William Rufus. 326.6.",,,,,,,,,
Barcehãdowne,place,0.74,1,Barcehãdowne,B,Barcehãdowne in Kent where king Iohn assembled together his great army to resist the French king. 574.70.,,,,,,,,,
Bardeny Abbey,place,0.95,1,Bardeny Abbey,B,Bardeny Abbey. 189.7.,,,,,,,,,
"Bardsey, an Iland in Wales",place,0.64,1,"Bardsey, an Iland in Wales",B,"Bardsey, an Iland in Wales 4.51.",,,,,,,,,
Barnards castle,place,0.87,1,Barnards castle,B,Barnards castle geuen to the Earle of Warwick. 844.37. a.,,,,,,,,,
Barnet field,place,0.95,1,Barnet field,B,Barnet field. 1333. co. 1. li. 29,,,,,,,,,
Barwicke bridge,place,0.97,1,Barwicke bridge,B,Barwicke bridge broken with a flud of water. 547.53.,,,,,,,,,
Barwike,place,0.89,1,Barwike,B,Barwike wonne by the Englishe. pag. 1352. col. 2. lin. 48.,,,,,,,,,
Barwike castle,place,0.9,1,Barwike castle,B,"Barwike castle, gaged to the king of England. 439.40.",,,,,,,,,
Bascheruille Castle,place,0.97,1,Bascheruille Castle,B,Bascheruille Castle burnt. 385 39.,,,,,,,,,
Basingwerke Castle,place,0.95,1,Basingwerke Castle,B,Basingwerke Castle buylded. 398.2.,,,,,,,,,
Battaile of Ageincourt,place,0.97,1,Battaile of Ageincourt,B,Battaile of Ageincourt. pag. 1178. col. 2. lin. 14.,,,,,,,,,
Battaile of Aulroy,place,0.97,1,Battaile of Aulroy,B,Battaile of Aulroy. 969.51. b.,,,,,,,,,
Battaile of Boswortha,place,0.97,1,Battaile of Boswortha,B,Battaile of Boswortha. pag. 1420. col. 2. lin. 36. pag. 1422. col. 1. lin. 57.,,,,,,,,,
Battaile of Otterbourn,place,0.97,1,Battaile of Otterbourn,B,Battaile of Otterbourn. 1074.12. a.,,,,,,,,,
Battaile of Vernoile,place,0.97,1,Battaile of Vernoile,B,"Battaile of Vernoile. pa. 1224 col. 1. lin. 46. battaile of Herings. pa. 1241. co. 1. lin. 12 at Saint Albous. pag. 1287 col. 1. lin. 57. at Blorhothe. pag. 1295. col. 2. lin. 4. at Northampton. pag. 1299. col. 1. lin. 20. at Wakfeeld. pag. 1303. col. 2. lin. 37. at Mortimers crosse. pa. 1304 col. 2. lin. 43. at Saint Albons, the second. pag. 1305. col. 1. lin. 30. at Erham. pa. 1314. col. 2. lin. 16.",,,,,,,,,
Battel of Algeberota,place,0.97,1,Battel of Algeberota,B,Battel of Algeberota. 1049.54. b.,,,,,,,,,
Battel of Comeran in Ireland,place,0.97,1,Battel of Comeran in Ireland,B,Battel of Comeran in Ireland 854.30. a.,,,,,,,,,
Battell of Cressy,place,0.97,1,Battell of Cressy,B,Battell of Cressy. 932.24. b.,,,,,,,,,
Battell of Dunkel,place,0.97,1,Battell of Dunkel,B,Battell of Dunkel or Methsen. 842.40. a,,,,,,,,,
Battell of Faukirke,place,0.97,1,Battell of Faukirke,B,Battell of Faukirke. 833.20. a.,,,,,,,,,
Battell of Graueling,place,0.97,1,Battell of Graueling,B,Battell of Graueling. 1780.40,,,,,,,,,
Battel of Miton vpon Swale,place,0.97,1,Battel of Miton vpon Swale,B,"Battel of Miton vpon Swale, or ye white battel. 857.13. b.",,,,,,,,,
Battel of Nauertet,place,0.97,1,Battel of Nauertet,B,Battel of Nauertet. 972.50. a,,,,,,,,,
Battel of Potyers,place,0.97,1,Battel of Potyers,B,Battel of Potyers. 957.50. b.,,,,,,,,,
Battel of Ratcote bridge,place,0.97,1,Battel of Ratcote bridge,B,Battel of Ratcote bridge. 1067 30. b.,,,,,,,,,
Battel of S,place,0.9,1,Battel of S,B,Battel of S. Luce. 908.40. b.,,,,,,,,,
battel of Stoke,place,0.97,1,battel of Stoke,B,The battel of Stoke. 1430.50 the battell of Saint Albin. 1433.50. the battell of Dixuew. 1436.10. the battel of Blacke heath. 1427.20.,,,,,,,,,
Bath Citie,place,0.89,1,Bath Citie,B,Bath Citie taken and sacked by the Byshop of Constans. 318.52.,,,,,,,,,
Bath Monasterie,place,0.97,1,Bath Monasterie,B,Bath Monasterie ioyned to the Sea of Bath. 336.1.,,,,,,,,,
Bathe,place,0.84,2,Bathe,B,Bathe beseiged by the Saxons. 133.20.,,,,,,,,,
Bathe Citie,place,0.97,1,Bathe Citie,B,Bathe Citie called Caerbran. 19.24.,,,,,,,,,
Bats Abbey,place,0.87,1,Bats Abbey,B,Bats Abbey builded. 195.52.,,,,,,,,,
Beamfeeld castle,place,0.87,1,Beamfeeld castle,B,Beamfeeld castle builded. 216.20.,,,,,,,,,
Beamfield castle,place,0.82,1,Beamfield castle,B,Beamfield castle taken by the Englishmen. 216.22.,,,,,,,,,
Beaner Towne,place,0.94,1,Beaner Towne,B,Beaner Towne and Fortresse builded. 411.53.,,,,,,,,,
Beauvoisin,place,0.87,1,Beauvoisin,B,"Beauvoisin Countie spoyled and burnt, by Kyng Henry the second. 399.55.",,,,,,,,,
Bechellouyn,place,0.85,1,Bechellouyn,B,"Bechellouyn, or Ber in Normandie. 346.8.",,,,,,,,,
Bedford castle,place,0.95,1,Bedford castle,B,Bedford castle besieged and taken by Henry the third. 625.20.,,,,,,,,,
Bedford towne,place,0.96,2,Bedford towne,B,Bedford towne besieged and taken. 368.20.,,,,,,,,,
Bedforde Castle,place,0.87,1,Bedforde Castle,B,Bedforde Castle deliuered to the Barons by Williã Beauchampe captayne of ye same. 588.96.,,,,,,,,,
Bedfordshire,place,0.89,1,Bedfordshire,B,Bedfordshire wasted by the Danes. 245.71.,,,,,,,,,
Begemini castle,place,0.95,1,Begemini castle,B,Begemini castle. 439.115.,,,,,,,,,
Beeland Abbey,place,0.97,1,Beeland Abbey,B,Beeland Abbey founded. 394.28.,,,,,,,,,
Bellencumbre castle,place,0.95,1,Bellencumbre castle,B,Bellencumbre castle. 390.45.,,,,,,,,,
Belesham,place,0.89,1,Belesham,B,Belesham wasted by the Danes 245.61.,,,,,,,,,
Bellings gate in London,place,0.87,1,Bellings gate in London,B,Bellings gate in London builded. 27.110.,,,,,,,,,
Bellius castle,place,0.97,1,Bellius castle,B,"Bellius castle, nowe called the Tower of London builded. 28.6.",,,,,,,,,
Berhara downe,place,0.95,1,Berhara downe,B,Berhara downe. 393.2.,,,,,,,,,
Berkhamsted Castle,place,0.94,1,Berkhamsted Castle,B,"Berkhamsted Castle besieged, is yeelded to Lewes. 609.49.",,,,,,,,,
Berkley towne,place,0.84,1,Berkley towne,B,"Berkley towne taken, and sacked by the byshop of Constans. 318.53.",,,,,,,,,
Bernards Castle,place,0.71,1,Bernards Castle,B,Bernards Castle besieged and wonne. 1849.,,,,,,,,,
Bernicia,place,0.83,1,Bernicia,B,Bernicia nowe called Northumberland. 164.43,,,,,,,,,
Bertine Churche,place,0.95,1,Bertine Churche,B,"Bertine Churche, endued with great giftes by kyng Adelstane 225.108.",,,,,,,,,
Beertwell Castle,place,0.87,1,Beertwell Castle,B,Beertwell Castle delyuered to Duke Henrie Fitzempresse. 387.116.,,,,,,,,,
Berwick,place,0.94,5,Berwick,B,Berwick besieged by Edward the .ii. 857.20. a. 896.5. a,,,,,,,,,
Berwick castle,place,0.97,2,Berwick Castle | Berwick castle,B,Berwick Castle wonne by the Scottes. 1048.1. a. recouered agayne by the Earle of Northumberland. 1048.20. a.,,,,,,,,,
Beeston Castle,place,0.9,1,Beeston Castle,B,Beeston Castle founded by Ranulphe Earle of Chester. 618.11.,,,,,,,,,
Beuer Castle,place,0.92,1,Beuer Castle,B,Beuer Castle surrendred to King Iohn. 595.26.,,,,,,,,,
Beuerley Churche,place,0.85,1,Beuerley Churche,B,Beuerley Churche & Colledge builded. 186.15.,,,,,,,,,
Beuerley towne,place,0.88,1,Beuerley towne,B,Beuerley towne burned. 469.60.,,,,,,,,,
Biham Castle,place,0.87,2,Biham Castle,B,Biham Castle yeelded to Kyng Henry the third. 618.66.,,,,,,,,,
Byshop of Londons Palace,place,0.73,1,Byshop of Londons Palace,B,Byshop of Londons Palace builded. 33.105.,,,,,,,,,
Blacke Crosse of Scotlande,place,0.97,1,Blacke Crosse of Scotlande,B,Blacke Crosse of Scotlande. 891.47. b.,,,,,,,,,
Blackwell hall in London,place,0.97,1,Blackwell hall in London,B,"Blackwell hall in London, supposed to be buylded for the temple of peace. 23.30.",,,,,,,,,
Boyham castle,place,0.97,1,Boyham castle,B,Boyham castle wonne. 1529.35.,,,,,,,,,
Bologne,place,0.75,2,Bologne,B,"Bologne, and Bolognous, surrendred vnto the Frenche King. 1703.50",,,,,,,,,
Bosworth feeld,place,0.97,1,Bosworth feeld,B,Bosworth feeld. pag. 1416. col. 2. lin. 56. pag. 1422. col. 1. lin. 57.,,,,,,,,,
Bourgh Castle,place,0.66,1,Bourgh Castle,B,Bourgh Castle taken by the Scots. 433.113.,,,,,,,,,
Brecknoc Castle,place,0.87,1,Brecknoc Castle,B,Brecknoc Castle deliuered to Prince Edward. 765.49.,,,,,,,,,
Brecknock in wales,place,0.66,1,Brecknock in wales,B,Brecknock in wales taken. 222.18.,,,,,,,,,
Brentford battayle,place,0.81,1,Brentford battayle,B,"Brentford battayle, fought by the Englishmen against the Danes. 255.7.",,,,,,,,,
Briake,place,0.83,1,Briake,B,Briake in Britaine assaulted by Englishmen. pag. 1154. col. 1. lin. 20. taken. col. 2. lin. 2.,,,,,,,,,
Bridge of London,place,0.92,1,Bridge of London,B,Bridge of London begun to be made of stone. 566.84.,,,,,,,,,
Bridgnorth castle,place,0.92,2,Bridgnorth Castle | Bridgnorth castle,B,Bridgnorth Castle surrendred to the King. 396.13.,,,,,,,,,
Briges,place,0.89,1,Briges,B,Briges besieged by the Welchmen. 408.40.,,,,,,,,,
Brighthelmeton,place,0.89,1,Brighthelmeton,B,Brighthelmeton brent. 1494.17.,,,,,,,,,
Brimsbery bridge,place,0.97,1,Brimsbery bridge,B,Brimsbery bridge repayred. 222.5.,,,,,,,,,
Bryson Castle,place,0.82,1,Bryson Castle,B,Bryson Castle taken by ye Englishmen. 524.23.,,,,,,,,,
Bristow,place,0.74,1,Bristow,B,Bristow taken by Robert Erle of Gloucester. 368.69.,,,,,,,,,
Bristow Castle,place,0.95,4,Bristow Castle | Bristow castle,B,Bristow Castle. 371.21.,,,,,,,,,
Bromeley towne,place,0.95,1,Bromeley towne,B,Bromeley towne. 277.14.,,,,,,,,,
Broughty,place,0.66,1,Broughty,B,Broughty crag wonne by ye Lord Clinton. 1630.17. besieged in vaine by Monsieur de Chapell. 1635. wonne by Monsieur de Chermes. 1702.,,,,,,,,,
Bruydon Monasterie,place,0.95,1,Bruydon Monasterie,B,Bruydon Monasterie. 191.105.,,,,,,,,,
Bruncham Castle,place,0.92,1,Bruncham Castle,B,"Bruncham Castle wonne by Kyng Iohns souldiers, and rased. 584.7.",,,,,,,,,
Buckingham Castles,place,0.85,1,Buckingham Castles,B,Buckingham Castles builded. 221.45.,,,,,,,,,
Buckinghamshyre,place,0.89,1,Buckinghamshyre,B,Buckinghamshyre wasted by the Danes. 245.71.,,,,,,,,,
Bullenberg,place,0.8,1,Bullenberg,B,"Bullenberg assaulted by Chastillion, and valiantly defended. 1640.40.",,,,,,,,,
Bulgarie,place,0.81,1,Bulgarie,B,"Bulgarie, in olde time called Mesia. 103.31",,,,,,,,,
Bunghey Castle,place,0.93,2,Bunghey Castle | Bunghey castle,B,Bunghey castle. 436.5.,,,,,,,,,
Burgoigne,place,0.63,1,Burgoigne,B,Burgoigne spared for money. 965.49. a.,,,,,,,,,
Burton vpon Trent,place,0.81,1,Burton vpon Trent,B,Burton vpon Trent. 583.64.,,,,,,,,,
Cadsant Ile,place,0.95,1,Cadsant Ile,C,Cadsant Ile. 901.23. b.,,,,,,,,,
Caen,place,0.96,3,Caen,C,Caen besieged and yeelded to the French. pag. 1276. col. 2 lin. 2.,,,,,,,,,
Caen Abbey in Normandy,place,0.91,1,Caen Abbey in Normandy,C,Caen Abbey in Normandy builded. 315.91.,,,,,,,,,
Caen castle,place,0.97,1,Caen castle,C,Caen castle repayred. 359.59.,,,,,,,,,
Caen in Normandy,place,0.97,1,Caen in Normandy,C,Caen in Normandy besieged by Henry the .5. pag. 1187. col. 2. lin. 41. wonne. pag. 1188. col. 1. lin. 40. Cain castle yelded. pag. ibidem. col. 2. lin. 23 peopled with Englishe. pag. 1189. col. 2. lin. 28.,,,,,,,,,
Caerbran,place,0.86,1,Caerbran,C,"Caerbran, now called the citie of Bathe. 19.24",,,,,,,,,
Caerbranke citie,place,0.97,1,Caerbranke citie,C,"Caerbranke citie, nowe called Yorke, by whom buylded. 18.10.",,,,,,,,,
Caergrant,place,0.83,1,Caergrant,C,"Caergrant, nowe called Cambridge. 30.59.",,,,,,,,,
Caerguent,place,0.72,1,Caerguent,C,"Caerguent, or Winchester builded. 19.3.",,,,,,,,,
Caerleil citie,place,0.96,2,Caerleil citie,C,Caerleil citie recouered from the Scottes. 397.3.,,,,,,,,,
Caerleon citie,place,0.97,1,Caerleon citie,C,"Caerleon citie, nowe called Chester, by whom builded. 18.75.",,,,,,,,,
Caerlier,place,0.8,1,Caerlier,C,"Caerlier, now called Leicester, builded. 19.57.",,,,,,,,,
Caerlton,place,0.83,1,Caerlton,C,"Caerlton, now called Gloucester. 51.53.",,,,,,,,,
Caermalet,place,0.5,1,Caermalet,C,"Caermalet, looke Cameletum.",,,,,,,,,
Caernaruan,place,0.89,1,Caernaruan,C,Caernaruan burned. 810.19. b.,,,,,,,,,
Cahors citie,place,0.97,1,Cahors citie,C,Cahors citie recouered by the Englishmen. 399.36.,,,,,,,,,
Cairbadon,place,0.86,1,Cairbadon,C,"Cairbadon, now called the citie of Bathe. 21.97.",,,,,,,,,
Caircone castle,place,0.92,1,Caircone castle,C,Caircone castle fortified against kyng Henry the fyrst. 339.60.,,,,,,,,,
Calaice,place,0.69,1,Calaice,C,Calaice besieged. 1770.30. is yeelded. 1771.50.,,,,,,,,,
Calater wood in Scotland,place,0.97,1,Calater wood in Scotland,C,Calater wood in Scotland. 24.29.,,,,,,,,,
Caleis,place,0.79,2,Caleis,C,Caleis inhabited with Englishmen. 943.35. a.,,,,,,,,,
Calice,place,0.86,2,Calice,C,Calice in old tyme called Icius Portus. 35.14.,,,,,,,,,
Calice hauen,place,0.94,1,Calice hauen,C,Calice hauen in vayne attempted to be destroyed. 1526.11.,,,,,,,,,
Calne,place,0.72,1,Calne,C,"Calne, a Manour belongyng to kyng Edward. 235.109. and .136.20.",,,,,,,,,
Camalodunum citie,place,0.82,1,Camalodunum citie,C,Camalodunum citie taken. 49.74.,,,,,,,,,
Cambrey,place,0.25,3,Cambrey,C,Cambrey electe Byshop taken prisoner by the French. 546.44.,,,,,,,,,
Cambria,place,0.83,1,Cambria,C,"Cambria allotted to Camber, nowe called Wales. 16.40",,,,,,,,,
Cambridge,place,0.76,3,Cambridge,C,Cambridge burned by the Danes. 245.60.,,,,,,,,,
Cambridge Towne,place,0.84,1,Cambridge Towne,C,Cambridge Towne builded. 30.47. and .30.72.,,,,,,,,,
Cambridge Vniuersitie,place,0.86,1,Cambridge Vniuersitie,C,"Cambridge Vniuersitie when founded, and by whom. 28.78.",,,,,,,,,
Cameletum Castle,place,0.95,1,Cameletum Castle,C,"Cameletum Castle, where it stoode. 54.64.",,,,,,,,,
Camulodunum,place,0.69,5,Camulodunum,C,Camulodunum supposed by some to bee Duncastre or Pontfret. 55.10.,,,,,,,,,
Cantorbury,place,0.9,1,Cantorbury,C,Cantorbury better peopled then London. 246.32,,,,,,,,,
Cantorbury Colledge,place,0.94,1,Cantorbury Colledge,C,Cantorbury Colledge in Oxford founded. 1003.50. a.,,,,,,,,,
Cantorburie,place,0.86,5,Cantorburie,C,Cantorburie burned with casuall fire. 191.90.,,,,,,,,,
Cardiffe castle,place,0.91,1,Cardiffe castle,C,Cardiffe castle builded. 351.55.,,,,,,,,,
Cardiffe castle in Wales,place,0.97,1,Cardiffe castle in Wales,C,Cardiffe castle in Wales. 346.18.,,,,,,,,,
Cardigan,place,0.86,1,Cardigan,C,"Cardigan, and Carmardyn Townes in reales. pa. 1414 col. 2. lin. 2.",,,,,,,,,
Cardigan castle,place,0.97,1,Cardigan castle,C,Cardigan castle wonne by the Welchmen. 408.40.,,,,,,,,,
Cary castle,place,0.72,1,Cary castle,C,Cary castle. 368.75.,,,,,,,,,
Carleil,place,0.97,1,Carleil,C,Carleil repayred and peopled. 322.73.,,,,,,,,,
Carleil castle,place,0.9,1,Carleil castle,C,Carleil castle builded. 322.77,,,,,,,,,
Carlile,place,0.89,1,Carlile,C,Carlile besieged. 853.48. b.,,,,,,,,,
Cartbridge Castle,place,0.92,1,Cartbridge Castle,C,Cartbridge Castle vppon Seuerne builded. 216.75.,,,,,,,,,
Cartile citie,place,0.92,1,Cartile citie,C,"Cartile citie, by whom & when builded. 18.70.",,,,,,,,,
"Castle, Balon",place,0.9,1,"Castle, Balon",C,"Castle, Balon wonne by the Frenche king. 547.12.",,,,,,,,,
Castle Chinon,place,0.97,1,Castle Chinon,C,Castle Chinon and Sawmer. 542.23.,,,,,,,,,
Castle Galiard,place,0.97,1,Castle Galiard,C,Castle Galiard besieged and deliuered to the French king 557.19.,,,,,,,,,
Castle of Chinon,place,0.92,1,Castle of Chinon,C,Castle of Chinon surrendred to King Iohn. 547.33.,,,,,,,,,
Castle of Maydens,place,0.94,1,Castle of Maydens,C,Castle of Maydens in Albania builded. 18.13.,,,,,,,,,
Castle of Pomfret,place,0.97,1,Castle of Pomfret,C,Castle of Pomfret deliuered to Roger de Lacy Constable of Chester. 546.12.,,,,,,,,,
Cataractone towne,place,0.95,1,Cataractone towne,C,Cataractone towne. 170.54.,,,,,,,,,
Celby Abbey in Yorkeshyre,place,0.95,1,Celby Abbey in Yorkeshyre,C,Celby Abbey in Yorkeshyre buylded. 315.90.,,,,,,,,,
Celiestline Abbey in Irelande,place,0.97,1,Celiestline Abbey in Irelande,C,Celiestline Abbey in Irelande buylded. 208.203.,,,,,,,,,
Certicestshore,place,0.9,2,Certicestshore,C,"Certicestshore, called in old time Nazaleoy. 131.18.",,,,,,,,,
Charing Crosse,place,0.87,1,Charing Crosse,C,Charing Crosse builded. 800.3. a.,,,,,,,,,
Chartley castle,place,0.9,1,Chartley castle,C,Chartley castle founded by Ranulph Earle of Chester. 618 11.,,,,,,,,,
Chateau Galiard castle in Normandie,place,0.88,1,Chateau Galiard castle in Normandie,C,"Chateau Galiard castle in Normandie, builded. 539.53.",,,,,,,,,
Chatoau Valyard,place,0.84,1,Chatoau Valyard,C,Chatoau Valyard besieged. pag. 1198. col. 2. lin. 45.,,,,,,,,,
Chertsey,place,0.76,1,Chertsey,C,Chertsey Abby in Southerie builded. 181.19,,,,,,,,,
Chesshyre,place,0.88,2,Chesshyre,C,"Chesshyre a great part, destroyed by Norway Pirates. 238 40.",,,,,,,,,
Chester,place,0.8,4,Chester,C,"Chester see, remoued to Durham. 241.25.",,,,,,,,,
Chester Abbey,place,0.87,1,Chester Abbey,C,Chester Abbey builded. 336.13.,,,,,,,,,
Chester citie,place,0.92,8,Chester citie,C,Chester citie wonne by ye West Saxons. 204.32.,,,,,,,,,
Chichester,place,0.82,2,Chichester,C,"Chichester, chiefe citie of the kingdome of the south Saxons. 125.85.",,,,,,,,,
Chichester citie,place,0.95,1,Chichester citie,C,Chichester citie consumed with fire. 465.35.,,,,,,,,,
Chilterne Woods,place,0.97,1,Chilterne Woods,C,"Chilterne Woods, and countrey. 245.18.",,,,,,,,,
Chiorburgh,place,0.89,1,Chiorburgh,C,Chiorburgh besieged by the English. pag. 1192. col. 1. lin. 42. yeelded col. 2. lin. 24.,,,,,,,,,
Chipnham,place,0.8,1,Chipnham,C,Chipnham. 207.25.,,,,,,,,,
Chitrey castle,place,0.97,1,Chitrey castle,C,Chitrey castle burnt. 385.39.,,,,,,,,,
Christes Church in Cantorburie,place,0.94,1,Christes Church in Cantorburie,C,"Christes Church in Cantorburie, erected, and restored. 150 33.",,,,,,,,,
Christes Churche in Cantorburie,place,0.97,1,Christes Churche in Cantorburie,C,Christes Churche in Cantorburie repayred. 320.67.,,,,,,,,,
Church of Paule in London,place,0.61,1,Church of Paule in London,C,Church of Paule in London dedicated. 768.27.,,,,,,,,,
Cicester castle,place,0.87,1,Cicester castle,C,Cicester castle rased by the freendes of king Henry the third. 611.68.,,,,,,,,,
Cirencester,place,0.94,1,Cirencester,C,"Cirencester, nowe called Cicester. 144.5.",,,,,,,,,
Cirester,place,0.77,1,Cirester,C,"Cirester besieged by Gurmundus, and taken. 144.11.",,,,,,,,,
Cisteaur,place,0.8,1,Cisteaur,C,Cisteaur order fyrst begun. 333 86.,,,,,,,,,
Cisteaur Abbey,place,0.97,1,Cisteaur Abbey,C,Cisteaur Abbey founded. 333.91.,,,,,,,,,
Claudiocestria,place,0.83,1,Claudiocestria,C,"Claudiocestria, nowe Gloucester, and why so called. 51.52.",,,,,,,,,
Cleberie castle,place,0.86,1,Cleberie castle,C,"Cleberie castle taken, and destroyed. 396.10",,,,,,,,,
Cleneland,place,0.89,1,Cleneland,C,Cleneland wasted by ye Scots. 306.116.,,,,,,,,,
Clide riuer,place,0.95,1,Clide riuer,C,Clide riuer. 70.1.,,,,,,,,,
Cloaricus,place,0.94,1,Cloaricus,C,"Cloaricus, a Mountaine in Wales. 117.56.",,,,,,,,,
Clun Riuer,place,0.95,1,Clun Riuer,C,Clun Riuer. 55.62.,,,,,,,,,
Clusium,place,0.94,1,Clusium,C,Clusium in Italy beseeged by Brennus & Beinus. 25.80.,,,,,,,,,
Coggeshall Abbey,place,0.97,1,Coggeshall Abbey,C,"Coggeshall Abbey in Esser, founded. 394.27.",,,,,,,,,
Colchester,place,0.82,1,Colchester,C,Colchester supposed to bee in olde tyme Cannilodunum. 54.55. & .74.,,,,,,,,,
Colchester castle,place,0.9,2,Colchester castle,C,Colchester castle besieged and wonne by King Iohn. 598.24.,,,,,,,,,
Colchester Towne,place,0.87,1,Colchester Towne,C,Colchester Towne walled by Helene the Empresse. 94.9.,,,,,,,,,
Coldingham Abbey,place,0.95,1,Coldingham Abbey,C,Coldingham Abbey. 185.70.,,,,,,,,,
Colledge of Brasen Nose,place,0.97,1,Colledge of Brasen,C,Colledge of Brasen Nose in Oxford founded. 1463.22.,,,,,,,,,
Colledge of Christes churche,place,0.97,1,Colledge of Christes churche,C,The Colledge of Christes churche in Oxford erected. 1533 54.,,,,,,,,,
Colledge of Fodringey,place,0.97,1,Colledge of Fodringey,C,Colledge of Fodringey. 1445.5.,,,,,,,,,
Colledge of Iesus,place,0.86,1,Colledge of Iesus,C,The Colledge of Iesus founded. 1462.52.,,,,,,,,,
Colledge of Saint Michael in Cambridge,place,0.61,1,Colledge of Saint Michael in Cambridge,C,Colledge of Saint Michael in Cambridge founded. 872.26. a.,,,,,,,,,
Conuocation,place,0.86,2,Conuocation,C,Conuocation at Powles. pag. 1166. col. 1. lin. 36.,,,,,,,,,
Coquid Riuer,place,0.95,1,Coquid Riuer,C,Coquid Riuer. 241.32.,,,,,,,,,
Corke castle,place,0.95,1,Corke castle,C,Corke castle. 236.48,,,,,,,,,
Corgh kingdome in Ireland,place,0.91,1,Corgh kingdome in Ireland,C,"Corgh kingdome in Ireland, geuen vnto two Irish lordes 450.9.",,,,,,,,,
Cornhill,place,0.85,1,Cornhill,C,Cornhill mistaken for Thorney. 75.51.,,,,,,,,,
Cornwall,place,0.69,2,Cornwall,C,Cornwall giuen to Corineus. 15.98.,,,,,,,,,
Corphes gate,place,0.95,1,Corphes gate,C,Corphes gate. 337.1,,,,,,,,,
Corselles castle,place,0.97,1,Corselles castle,C,Corselles castle wonne and rased. 533.15,,,,,,,,,
Couentrey,place,0.8,2,Couentrey,C,Couentrey made free of tolle and custome. 277.21.,,,,,,,,,
Couentrey Abbey,place,0.97,1,Couentrey Abbey,C,Couentrey Abbey spoyled. 380 62.,,,,,,,,,
Couentrey church,place,0.97,1,Couentrey church,C,Couentrey church ioyned to the Sea of Chester. 336.3.,,,,,,,,,
Couentrie Abbey,place,0.97,1,Couentrie Abbey,C,"Couentrie Abbey, by whom buylded. 277.15.",,,,,,,,,
Coursye castle,place,0.82,1,Coursye castle,C,Coursye castle taken by Henry the fift. pa. 1190. col. 1. li. 2.,,,,,,,,,
Cowchete,place,0.64,1,Cowchete,C,Cowchete wonne by the Lord Talbot. pag. 1267. col. 2. lin. 22.,,,,,,,,,
Cowling castle,place,0.97,1,Cowling castle,C,Cowling castle assaulted. 1727 40.,,,,,,,,,
Cranmers castle,place,0.97,1,Cranmers castle,C,Cranmers castle besieged and rased. 387.51.,,,,,,,,,
Cride Abbey,place,0.97,1,Cride Abbey,C,Cride Abbey brent by Henry the thyrd. 632.3.,,,,,,,,,
Crouch hauen in Ireland,place,0.97,1,Crouch hauen in Ireland,C,Crouch hauen in Ireland. 419.50.,,,,,,,,,
Crowland Abbey,place,0.88,1,Crowland Abbey,C,Crowland Abbey builded. 197 16.,,,,,,,,,
Cumberland,place,0.88,5,Cumberland,C,Cumberland wasted and destroyed by the Englishmen. 307.2.,,,,,,,,,
Cumbresourg Abbey,place,0.95,1,Cumbresourg Abbey,C,Cumbresourg Abbey buylded. 172.39.,,,,,,,,,
Cunbridge Castel,place,0.87,1,Cunbridge Castel,T,Cunbridge Castel wrongfully holden from the Archbyshop of Caunterburie. 637.4,,,,,,,,,
Cuneueshore,place,0.81,1,Cuneueshore,C,Cuneueshore in Sussex. 125.58.,,,,,,,,,
Dam Hauen,place,0.97,1,Dam Hauen,D,Dam Hauen. 578.20.,,,,,,,,,
Damieta,place,0.6,3,Damieta,D,Damieta wonne by the Christians. 617.58,,,,,,,,,
Danuille castle,place,0.92,1,Danuille castle,D,Danuille castle wonne by kyng Henry the second. 428.85,,,,,,,,,
Darby towne,place,0.8,1,Darby towne,D,Darby towne wonne from the Danes. 222.20.,,,,,,,,,
Darus towne,place,0.82,1,Darus towne,D,"Darus towne, taken by ye Englishmen. 503.49.",,,,,,,,,
Dee Riuer,place,0.97,2,Dee Riuer,D,Dee Riuer. 143.51.,,,,,,,,,
Demetia,place,0.88,1,Demetia,D,"Demetia, nowe called Southwales. 27.96.",,,,,,,,,
Deping,place,0.75,1,Deping,D,Deping spoyled by Albemarle the Earle. 618.41.,,,,,,,,,
Derwent Riuer,place,0.97,1,Derwent Riuer,D,Derwent Riuer. 115.74.,,,,,,,,,
Diepe towne,place,0.97,1,Diepe towne,D,"Diepe towne, wonne from the Englishmen by the Frenchmen. 527.73.",,,,,,,,,
Dinuhoc Castle in Cornwall,place,0.95,1,Dinuhoc Castle in Cornwall,D,Dinuhoc Castle in Cornwall. 128.,,,,,,,,,
Disarde Castle,place,0.86,1,Disarde Castle,D,Disarde Castle taken and destroyed. 762.114.,,,,,,,,,
Dyuclyue citie,place,0.95,1,Dyuclyue citie,D,Dyuclyue citie committed to the keeping of Hugh Lacy. 450.21.,,,,,,,,,
Dogges hauen,place,0.95,1,Dogges hauen,D,Dogges hauen neare to Douer 415.66.,,,,,,,,,
Doll castle,place,0.97,1,Doll castle,D,Doll castle in Britaine besieged 309.37.,,,,,,,,,
Doll castle towne,place,0.93,1,Doll castle towne,D,Doll castle towne fortified by the Barons. 510.25,,,,,,,,,
Dole citie,place,0.97,1,Dole citie,D,Dole citie and castle in Britain wonne by kyng Henry the second. 429.50,,,,,,,,,
Dorcetshyre,place,0.91,1,Dorcetshyre,D,"Dorcetshyre spoyled, and wasted by the Danes. 241.46. and. 252.10.",,,,,,,,,
Douer Abbey,place,0.97,1,Douer Abbey,D,Douer Abbey. 393.78.,,,,,,,,,
Douer castle,place,0.93,8,Douer Castle | Douer castle,D,Douer castle confirmed to Philip Earle of Flaunders. 427 13.,,,,,,,,,
Drax Castle,place,0.97,1,Drax Castle,D,Drax Castle wonne. 393.23,,,,,,,,,
Dreur,place,0.81,1,Dreur,D,Dreur besieged and yeelded to the Englishe. pag. 1213. col. 2. lin. 9.,,,,,,,,,
Drincouer,place,0.82,1,Drincouer,D,"Drincouer, otherwise called Newcastle, besieged & won. 429.30.",,,,,,,,,
Dublin,place,0.9,1,Dublin,D,"Dublin, chiefest Citie of al Ireland. 420.50.",,,,,,,,,
Duffield Castle,place,0.95,1,Duffield Castle,D,"Duffield Castle, deliuered to K. Henry the second. 436.32.",,,,,,,,,
Dumber,place,0.92,2,Dumber,D,Dumber burnt. 1593.35,,,,,,,,,
Dumber Castle,place,0.97,1,Dumber Castle,D,"Dumber Castle rendred to the Scottes, but sicne won agayne by the Englishe men. 820.8. b.",,,,,,,,,
Dunestor Castle,place,0.97,1,Dunestor Castle,D,Dunestor Castle. 368.77.,,,,,,,,,
Dunfoader in Scotland,place,0.82,1,Dunfoader in Scotland,D,Dunfoader in Scotland. 225.68.,,,,,,,,,
Dunnyngton Castle,place,0.86,1,Dunnyngton Castle,D,"Dunnyngton Castle taken, and rased to the ground by kyng Iohn. 595.41",,,,,,,,,
Dunstanborough Castle,place,0.95,1,Dunstanborough Castle,E,Dunstanborough Castle. pag. 1315. col. 1. lin. 36.,,,,,,,,,
Dunwich,place,0.97,1,Dunwich,D,"Dunwich besieged, & deliuered from the enemyes. 433.71",,,,,,,,,
Durham,place,0.59,3,Durham,D,Durham besieged by Godfrey. 225.51.,,,,,,,,,
Durham castle,place,0.95,1,Durham castle,D,Durham castle buylded. 307.76.,,,,,,,,,
Durham Church,place,0.95,1,Durham Church,D,Durham Church buylded. 241 27.,,,,,,,,,
Durham Colledge,place,0.88,1,Durham Colledge,D,Durham Colledge conuerted fron secular priests to monkes 312.60.,,,,,,,,,
Durham Monasterie,place,0.95,1,Durham Monasterie,D,Durham Monasterie buylded. 307.116.,,,,,,,,,
Easterford battaile,place,0.95,1,Easterford battaile,E,"Easterford battaile, fought by certein Northumber rebels against K. Edredus. 229.65",,,,,,,,,
Eata Riuer,place,0.95,1,Eata Riuer,E,Eata Riuer. 398.20.,,,,,,,,,
Eaton Colledge,place,0.95,1,Eaton Colledge,E,Eaton Colledge. pag. 1344. col. 1. lin. 53.,,,,,,,,,
Edelburgh,place,0.6,1,Edelburgh,E,Edelburgh professed a Nonne in Fraunce. 169.67,,,,,,,,,
Edelinsey Ile,place,0.97,1,Edelinsey Ile,E,"Edelinsey Ile, and why so called. 214.10",,,,,,,,,
Eden Riuer,place,0.95,1,Eden Riuer,E,Eden Riuer. 433.112.,,,,,,,,,
Edenborough Abbey,place,0.97,1,Edenborough Abbey,E,"Edenborough Abbey, in Scotland buylded. 208.22.",,,,,,,,,
Edenborough Castle,place,0.97,1,Edenborough Castle,E,Edenborough Castle besieged 1866. wonne. 1868.30.,,,,,,,,,
Edenbrugh,place,0.97,1,Edenbrugh,E,Edenbrugh why so called. 18.14.,,,,,,,,,
Edenbrugh Castle,place,0.93,3,Edenbrugh Castle | Edenbrugh castle,E,Edenbrugh castle yeelded. 821 10. b. 901. 44. a.,,,,,,,,,
Edessa,place,0.84,1,Edessa,E,"Edessa, a Citie in Mesopotamia. 81.41.",,,,,,,,,
Edlingsey Abbey,place,0.95,1,Edlingsey Abbey,E,Edlingsey Abbey buylded. 217.52.,,,,,,,,,
Eglesdon,place,0.88,1,Eglesdon,E,"Eglesdon, now called Saint Edmundesburie. 211.37.",,,,,,,,,
Eglesdon Monasterie,place,0.87,1,Eglesdon Monasterie,E,Eglesdon Monasterie builded. 211.33.,,,,,,,,,
Eiruie Abbey,place,0.95,1,Eiruie Abbey,E,Eiruie Abbey. 192.105,,,,,,,,,
Elles,place,0.89,1,Elles,E,"Elles croft in Yorkeshyre, and why so called. 211.74.",,,,,,,,,
Ely Abbey,place,0.7,1,Ely Abbey,E,Ely Abbey builded. 234.20,,,,,,,,,
Ely church,place,0.73,1,Ely church,E,"Ely church founded, and dedicated. 729.60",,,,,,,,,
Ely Ile,place,0.71,1,Ely Ile,E,"Ely Ile, wherof so named. 33.60.",,,,,,,,,
Ely Monasterie,place,0.65,1,Ely Monasterie,E,Ely Monasterie restored. 185.72.,,,,,,,,,
Ende,place,0.67,1,Ende,E,Ende of the Danish Kings in England. 268.19.,,,,,,,,,
Epte Riuer in Normandy,place,0.95,1,Epte Riuer in Normandy,E,Epte Riuer in Normandy. 385 34.,,,,,,,,,
Erming streete,place,0.85,1,Erming streete,E,Erming streete where it beginneth and endeth. 205.8.,,,,,,,,,
Essex,place,0.8,6,Essex,E,Essex yelded to Adelwold. 220.21.,,,,,,,,,
Eske Riuer,place,0.95,1,Eske Riuer,E,Eske Riuer. 76.50.,,,,,,,,,
Etbearne Abbey in Luidsey,place,0.87,1,Etbearne Abbey in Luidsey,E,Etbearne Abbey in Luidsey builded. 179.52,,,,,,,,,
Ethelbuldus,place,0.84,1,Ethelbuldus,E,"Ethelbuldus ouercome in battell by Cuthred, King of West Saxons. 189.63. and 193.90.",,,,,,,,,
Euesham battayle,place,0.67,1,Euesham battayle,E,"Euesham battayle, fought by King Henry the thyrd and his power against the Barons. 773.1.",,,,,,,,,
Eueshame Abbey,place,0.94,2,Eueshame Abbey,E,Eueshame Abbey buylded. 277.31.,,,,,,,,,
Eurelir in Normandie,place,0.87,1,Eurelir in Normandie,E,Eurelir in Normandie recouered by the Englishmen. 521.2.,,,,,,,,,
Eureur towne in Normandie,place,0.86,1,Eureur towne in Normandie,E,"Eureur towne in Normandie, taken by the Frenchmen. 515.32.",,,,,,,,,
Ewe,place,0.86,1,Ewe,E,Ewe countie in Normandie. 321.71.,,,,,,,,,
Excester,place,0.97,1,Excester,E,Excester besieged by Perkin Werbec. 1450.2.,,,,,,,,,
Exceter,place,0.91,2,Exceter,E,Exceter besieged by Vaspasian. 52.27.,,,,,,,,,
Exceter Citie,place,0.9,3,Exceter Citie | Exceter citie,E,"Exceter Citie besieged by the Danes, and deliuered. 216.29.",,,,,,,,,
Exeter,place,0.82,3,Exeter,E,Exeter yeelded vnto King William. 299.47.,,,,,,,,,
Exeter Citie,place,0.97,1,Exeter Citie,E,Exeter Citie repaired and fortified. 226.99.,,,,,,,,,
Exeter Colledge,place,0.97,1,Exeter Colledge,E,Exeter Colledge founded. 892.20. a.,,,,,,,,,
Exmouth Castle,place,0.97,1,Exmouth Castle,E,Exmouth Castle assaulted by the Danes. 241.65.,,,,,,,,,
Falayse towne in Normandye,place,0.97,1,Falayse towne in Normandye,F,Falayse towne in Normandye won by the french K. 558.42,,,,,,,,,
Faleys,place,0.89,1,Faleys,F,Faleys besieged by Henry the fift. pag. 1190. col. 2. lin. 30. rendered to him. pag. 1191. col. 1. lin. 54.,,,,,,,,,
Farindon Castle,place,0.87,1,Farindon Castle,F,Farindon Castle builded. 381.18.,,,,,,,,,
Farneham Castle,place,0.97,1,Farneham Castle,F,Farneham Castle wonne by Lewes. 600.78.,,,,,,,,,
Faruham Castle,place,0.97,1,Faruham Castle,F,Faruham Castle rased by the frendes of Kyng Henry the third. 611.67.,,,,,,,,,
Fermherst Castle,place,0.97,1,Fermherst Castle,F,Fermherst Castle won. 1529.44.,,,,,,,,,
Fert Castle,place,0.97,1,Fert Castle,F,Fert Castle burnt. 385.41.,,,,,,,,,
Feuexshame Abbey,place,0.87,1,Feuexshame Abbey,F,Feuexshame Abbey builded. 383.46.,,,,,,,,,
Finchamsteede in Barkeshyre,place,0.81,1,Finchamsteede in Barkeshyre,F,Finchamsteede in Barkeshyre 329.29.,,,,,,,,,
Flanders,place,0.7,2,Flanders,F,Flanders interdyeted. 908.1. a.,,,,,,,,,
Flint Castle,place,0.89,1,Flint Castle,F,Flint Castle builded. 789.6. a.,,,,,,,,,
Florye Abbey,place,0.97,1,Florye Abbey,F,Florye Abbey in France. 232.26.,,,,,,,,,
Fodringhey castle,place,0.75,1,Fodringhey castle,F,Fodringhey castle taken by the Earle of Albemarle. 618.55,,,,,,,,,
Forth in Scotland,place,0.88,1,Forth in Scotland,F,"Forth in Scotland, in British, werd. 140.9",,,,,,,,,
Fosse way,place,0.85,1,Fosse way,F,Fosse way where it begynneth and endeth. 24.66,,,,,,,,,
Foulgiers castle,place,0.86,1,Foulgiers castle,F,"Foulgiers castle taken, and vtterly destroyed. 409.50",,,,,,,,,
Fountneyes Abbey,place,0.97,1,Fountneyes Abbey,F,Fountneyes Abbey founded. 394.27.,,,,,,,,,
Framelinghm Castle in Northfolke,place,0.95,1,Framelinghã Castle in Northfolke,F,Framelinghã Castle in Northfolke. 383.1.,,,,,,,,,
Framingham,place,0.86,1,Framingham,F,Framingham. 431.41.,,,,,,,,,
Framingham Castle,place,0.93,2,Framingham Castle,F,"Framingham Castle, made playne with the ground. 445 22.",,,,,,,,,
France,place,0.74,1,France,F,France interdicted by ye Popes Legate. 546.47,,,,,,,,,
Gallia,place,0.97,1,Gallia,G,Gallia now called Fraunce of the Frankners. 108.73,,,,,,,,,
Galiard Castle,place,0.94,1,Galiard Castle,G,Galiard Castle surrendred to the Duke of Exceter. pag. 1201. co. 2. lin. 46.,,,,,,,,,
Gallus,place,0.71,1,Gallus,G,"Gallus or Wallus brooke in London, nowe called Walbrooke. 82.48",,,,,,,,,
Gannoc Castle,place,0.86,1,Gannoc Castle,G,Gannoc Castle taken and destroyed. 762.115.,,,,,,,,,
Gannock Castle,place,0.97,1,Gannock Castle,G,Gannock Castle built. 713.114.,,,,,,,,,
Garedon Abbey,place,0.97,1,Garedon Abbey,G,Garedon Abbey in Leicester shire founded. 394.29,,,,,,,,,
Gemeticum Abbey in Normandie,place,0.97,1,Gemeticum Abbey in Normandie,G,Gemeticum Abbey in Normandie. 269.109.,,,,,,,,,
Generon,place,0.91,1,Generon,G,"Generon, or Guaneren Castle in Wales buylded. 117.53. & 121.80.",,,,,,,,,
Gerbery Castle,place,0.97,1,Gerbery Castle,G,Gerbery Castle destroyed. 399 57.,,,,,,,,,
Geueron Castle,place,0.97,1,Geueron Castle,G,Geueron Castle burnt with wild fire. 122.32,,,,,,,,,
Gillingham Manour,place,0.97,1,Gillingham Manour,G,Gillingham Manour. 301.67.,,,,,,,,,
Gipswich,place,0.97,2,Gipswich,G,"Gipswich, now called Ipswich. 388.24.",,,,,,,,,
Gipswich Castle,place,0.95,1,Gipswich Castle,G,"Gipswich Castle besieged, and taken. 388.16.",,,,,,,,,
Girwy Abbey,place,0.95,1,Girwy Abbey,G,Girwy Abbey buylded. 178.106.,,,,,,,,,
Gisors,place,0.92,2,Gisors | Gysors,G,Gysors besieged in vaine. 533.17.,,,,,,,,,
Gisors Castle,place,0.9,1,Gisors Castle,G,Gisors Castle gotten into the kyng of Englandes handes. 400.61.,,,,,,,,,
Glastenburie Abbey,place,0.97,2,Glastenburie Abbey,G,Glastenburie Abbey erected. 53.18.,,,,,,,,,
Glastenburie Monasterie,place,0.91,1,Glastenburie Monasterie,G,Glastenburie Monasterie builded. 188.19.,,,,,,,,,
Glau Margan in Wales,place,0.9,1,Glau Margan in Wales,G,"Glau Margan in Wales, why so called. 21.26.",,,,,,,,,
Gleuy Riuer,place,0.95,1,Gleuy Riuer,G,Gleuy Riuer. 162.12.,,,,,,,,,
Glocester,place,0.84,1,Glocester,G,Glocester. pag. 1422. col. 1. lin. 26.,,,,,,,,,
Gloucester Castle,place,0.85,1,Gloucester Castle,G,Gloucester Castle. 371.20.,,,,,,,,,
Gloucester Citie,place,0.71,1,Gloucester Citie,G,"Gloucester Citie taken by the Barons. 765.56. wonne by king Henry the thyrde, hys faction. 772.38.",,,,,,,,,
Gloucester monasterie,place,0.88,1,Gloucester monasterie,G,"Gloucester monasterie destroyed by the Danes, and repayred. 222.48.",,,,,,,,,
Gloucester Monasterie of S. Peters,place,0.63,1,Gloucester Monasterie of S. Peters,G,"Gloucester Monasterie of S. Peters, buylded. 222.45.",,,,,,,,,
Gloucester towne,place,0.85,1,Gloucester towne,G,"Gloucester towne, whence so named. 51.55.",,,,,,,,,
Glouernia,place,0.83,1,Glouernia,G,"Glouernia, now Glocester, and why so called. 51.53.",,,,,,,,,
Gosefoorde towne,place,0.95,1,Gosefoorde towne,G,Gosefoorde towne. 382.108.,,,,,,,,,
Gotmandin Gaham,place,0.81,1,Gotmandin Gaham,G,"Gotmandin Gaham, in Yorkeshyre. 161.91",,,,,,,,,
Grafton,place,0.81,1,Grafton,G,Grafton a mannor place. pag. 1316. col. 1. lin. 7.,,,,,,,,,
Grantham towne,place,0.87,1,Grantham towne,G,Grantham towne builded. 30.48.,,,,,,,,,
Grapelitum Castle,place,0.9,1,Grapelitum Castle,G,Grapelitum Castle won by the french king. 562.50.,,,,,,,,,
Groby Castle,place,0.9,2,Groby Castle,G,"Groby Castle, made playne wyth the ground. 445.19.",,,,,,,,,
Grossemond Castle in Wales,place,0.97,1,Grossemond Castle in Wales,G,Grossemond Castle in Wales. 643.25.,,,,,,,,,
Guana riuer in Wales,place,0.97,1,Guana riuer in Wales,G,Guana riuer in Wales. 117.55,,,,,,,,,
Guynes Castle,place,0.82,1,Guynes Castle,G,Guynes Castle taken by Iohn Dancaster. 946.50. a.,,,,,,,,,
Guisnes,place,0.9,2,Guisnes,G,Guisnes fortified. 1581.8,,,,,,,,,
Guisnes castle,place,0.94,1,Guisnes castle,G,Guisnes castle. pag. 1297. co. 2 lin. 50. pag. 1298. co. 1. lin. 8.,,,,,,,,,
Haddington,place,0.88,1,Haddington,H,Haddington fortifyed by the Lord Gray. 1634.40. is besieged by the Frenchmen & valiantly defended. 1635. 43. is deliuered from siege by the Earle of Shrewibury 1637.40. almost taken by a Camisado 1641.42. forsaken by the Englishmen and razed. 1702.50.,,,,,,,,,
Haddington chase,place,0.97,1,Haddington chase,H,Haddington chase. 1637.8.,,,,,,,,,
Haghenet Castle,place,0.86,1,Haghenet Castle,H,"Haghenet Castle, taken and burned. 431.48.",,,,,,,,,
Hayles Abbey,place,0.97,1,Hayles Abbey,H,Hayles Abbey founded. 781.95.,,,,,,,,,
Haliwel riuer,place,0.95,1,Haliwel riuer,H,Haliwel riuer. 380.33.,,,,,,,,,
Hambout,place,0.88,1,Hambout,H,Hambout in Britaine besieged. 917.8. a.,,,,,,,,,
Hamilton castle,place,0.87,1,Hamilton castle,H,Hamilton castle yeelded. 1850.35.,,,,,,,,,
Hamons hauen,place,0.62,1,Hamons hauen,H,"Hamons hauen, called newe Southampton. 51.9.",,,,,,,,,
Hampton,place,0.97,1,Hampton,H,"Hampton, why so called. 51.7.",,,,,,,,,
Hampton fortresse,place,0.97,1,Hampton fortresse,H,Hampton fortresse. 391.32.,,,,,,,,,
Hamshyre,place,0.89,1,Hamshyre,H,Hamshyre wasted by ye Danes. 240.73. and .245.4.,,,,,,,,,
Hangey Castle,place,0.95,1,Hangey Castle,H,Hangey Castle. 386.12,,,,,,,,,
"Hanslap, Castle",place,0.82,1,"Hanslap, Castle",H,"Hanslap, Castle taken. 596.28",,,,,,,,,
Harfleete in Normandie,place,0.82,1,Harfleete in Normandie,H,Harfleete in Normandie. 436.85.,,,,,,,,,
Harflew,place,0.84,1,Harflew,H,Harflew wonne by the English. pag. 1262. col. 1. lin. 2.,,,,,,,,,
Hartfoord Castle,place,0.87,1,Hartfoord Castle,H,Hartfoord Castle builded. 220.78.,,,,,,,,,
Hasting,place,0.56,3,Hasting,H,Hasting euer most vntrue of woorde and deede. 216.19.,,,,,,,,,
Hasting Castle,place,0.97,1,Hasting Castle,H,Hasting Castle buylded. 299.2,,,,,,,,,
Hedgecote fielde,place,0.95,1,Hedgecote fielde,H,Hedgecote fielde. pag. 1320. col. 1. lin. 26.,,,,,,,,,
Hey Castle,place,0.86,1,Hey Castle,H,Hey Castle made plaine with the ground. 445.20,,,,,,,,,
Helatherne battaile,place,0.95,1,Helatherne battaile,H,Helatherne battaile against Ethelbert. 196.42.,,,,,,,,,
Hereford,place,0.87,1,Hereford,H,"Hereford recouered, and fortified. 276.48.",,,,,,,,,
Hereford Castle,place,0.88,2,Hereford Castle | Hereford castle,H,Hereford castle. 371.20.,,,,,,,,,
Herefoord Churche,place,0.97,1,Herefoord Churche,H,Herefoord Churche endowed with great reuenewes. 195.51.,,,,,,,,,
Hereford Minster,place,0.88,1,Hereford Minster,H,Hereford Minster set on fyre. 276.,,,,,,,,,
Hereford shyre,place,0.86,1,Hereford shyre,H,Hereford shyre wasted by Edrik Syluaticus. 297.28,,,,,,,,,
Hereford towne,place,0.91,1,Hereford towne,H,Hereford towne spoyled and burnt. 276.32,,,,,,,,,
Herflew,place,0.89,1,Herflew,H,Herflew besieged by the french pag. 8275. col. 2. lin. 56. yelded. pag. 1276. col. 1. lin. 10.,,,,,,,,,
Herford shyre,place,0.74,1,Herford shyre,H,Herford shyre wasted by the Welchmen. 272.59,,,,,,,,,
Herthew Monasterie,place,0.97,1,Herthew Monasterie,H,Herthew Monasterie. 175.79,,,,,,,,,
Herts Hal,place,0.83,1,Herts Hal,H,Herts Hal in Oxford founded. 882.20. b.,,,,,,,,,
Hesding castle,place,0.97,1,Hesding castle,H,Hesding castle besieged. 1522.53.,,,,,,,,,
Hexham Abbey,place,0.84,1,Hexham Abbey,H,Hexham Abbey spoyled. 819.58. a.,,,,,,,,,
Hydingham Castle,place,0.91,2,Hidingham Castle | Hydingham Castle,H,Hidingham Castle wonne by king Iohn. 598.46.,,,,,,,,,
Hocehnereton battaile,place,0.95,1,Hocehnereton battaile,H,Hocehnereton battaile fought by the Danes against the Englishmen. 221.8.,,,,,,,,,
Honedon towne,place,0.97,1,Honedon towne,H,Honedon towne or Manour. 484.19.,,,,,,,,,
Honfleue castle,place,0.97,1,Honfleue castle,H,Honfleue castle wonne by Mouy. 1824.58.,,,,,,,,,
Hull,place,0.89,1,Hull,H,Hull fortified. 1582.13,,,,,,,,,
Humber in Holdernesse,place,0.95,1,Humber in Holdernesse,H,Humber in Holdernesse. pag. 1327. col. 1. lin. 52.,,,,,,,,,
Humber riuer,place,0.97,2,Humber Riuer | Humber riuer,H,Humber Riuer. 140.24,,,,,,,,,
Hume castle,place,0.7,2,Hume castle,H,Hume castle won by the Duke of Somerset. 1631.10. recouered by the Scots. 1640.14.,,,,,,,,,
Huntington Castle,place,0.71,2,Huntington Castle | Huntington castle,H,Huntington Castle made playn with the ground. 445.19.,,,,,,,,,
Icius,place,0.83,1,Icius,I,Icius portus now called Calice. 35.14.,,,,,,,,,
Idle Riuer,place,0.97,1,Idle Riuer,I,Idle Riuer. 155.34.,,,,,,,,,
Ierusalem,place,0.7,1,Ierusalem,I,"Ierusalem, taken by Nabuch<?>donozor. 21.109",,,,,,,,,
Ierusalem citie,place,0.81,1,Ierusalem citie,I,Ierusalem citie taken by the Sarasins. 464.66.,,,,,,,,,
Ile of Anglesey,place,0.93,2,Ile of Anglesey,I,Ile of Anglesey taken by the English man. 328.92,,,,,,,,,
Ile of Ely,place,0.67,4,Ile of Ely,I,Ile of Ely taken by the Barons and fortified. 777.40,,,,,,,,,
Ile of Huy in Scotlãd,place,0.97,1,Ile of Huy in Scotlãd,I,Ile of Huy in Scotlãd. 171.22,,,,,,,,,
Ile of Lindesfarne,place,0.97,1,Ile of Lindesfarne,I,Ile of Lindesfarne giuen to Aydan for the See of his bishopricke. 168.27,,,,,,,,,
Ile of Man,place,0.97,2,Ile of Man,IM,Ile of Man conquered. 923.10. a.,,,,,,,,,
Ile of Oldney,place,0.97,1,Ile of Oldney,I,Ile of Oldney. 256.61,,,,,,,,,
Ile of Orholme,place,0.97,1,Ile of Orholme,I,Ile of Orholme. 433.24,,,,,,,,,
Ile of Portland,place,0.97,1,Ile of Portland,I,"Ile of Portland subdued, and fenced. 378.113",,,,,,,,,
Ile of Stepen,place,0.97,1,Ile of Stepen,I,Ile of Stepen. 221.38,,,,,,,,,
Ile of Thanet,place,0.97,1,Ile of Thanet,I,Ile of Thanet spoyled by the Danes. 238.34,,,,,,,,,
Ile of Wight,place,0.96,9,Ile of Wight,I,Ile of Wight assaulted by the the Earle of S. Paule. pag. 1136. co 2. lin. 1. by French men. pa. 1141. co. 1. li. 1.36,,,,,,,,,
Iles of Okeney,place,0.97,1,Iles of Okeney,I,Iles of Okeney added to the Romance Empyre. 50.7,,,,,,,,,
Iles of Orkeney,place,0.9,1,Iles of Orkeney,I,Iles of Orkeney spoyled by Englishmen. 1131. col. 2. lin. 28.,,,,,,,,,
Ingethling Abbey,place,0.72,1,Ingethling Abbey,I,Ingethling Abbey buylded where Oswyn was slayne. 170.62. and. 176.24.,,,,,,,,,
Inwer Riuer,place,0.95,1,Inwer Riuer,I,Inwer Riuer. 175.70,,,,,,,,,
york,place,0.91,1,york,Y,york besieged by king Arthure. 132.47,,,,,,,,,
yorke,place,0.77,6,Yorke | yorke,Y,yorke burnt by the Danes. 209.61.,,,,,,,,,
yorke Castell,place,0.88,1,yorke Castell,Y,yorke Castell buylded. 299.1.,,,,,,,,,
Yorke citie,place,0.85,1,Yorke citie,Y,Yorke citie by whom builded. 18.10,,,,,,,,,
Yorke Monasterie,place,0.88,1,Yorke Monasterie,Y,Yorke Monasterie buylded. 307.16,,,,,,,,,
yorkeshire,place,0.86,4,Yorkeshyre | yorkeshire,Y,yorkeshire wasted by the Danes. 209.41. and .240.49.,,,,,,,,,
Yorkeswolde,place,0.89,1,Yorkeswolde,Y,Yorkeswolde spoyled by the Scottes. 871.4. a,,,,,,,,,
Ipre,place,0.75,1,Ipre,I,Ipre besieged by the Byshop of Norwiche. 1043.34. b. broken vp. 1044.30. a.,,,,,,,,,
Ipswich,place,0.93,1,Ipswich,I,"Ipswich in olde tyme called Gipswich, tooke Gipswich 388.24.",,,,,,,,,
Isle of Elye,place,0.72,1,Isle of Elye,I,Isle of Elye wonne by Lewes king of Fraunce. 610.40.,,,,,,,,,
Isoldun Castle,place,0.95,1,Isoldun Castle,I,"Isoldun Castle, deliuered to Richard the first king of England. 528.23.",,,,,,,,,
yuell,place,0.81,1,yuell,Y,yuell a towne. 1336.14,,,,,,,,,
Kendal,place,0.64,1,Kendal,K,"Kendal wasted by Duncane, a Scottish captaine. 434.15",,,,,,,,,
Kenelworth Castle,place,0.82,1,Kenelworth Castle,K,Kenelworth Castle resigned into the handes of Henrye the third. 751.56,,,,,,,,,
Kenet castle,place,0.97,1,Kenet castle,K,Kenet castle rased downe to the ground. 800.75.,,,,,,,,,
Kent,place,0.84,7,Kent,K,Kent deliuered to the Saxons. 118.41,,,,,,,,,
Killingworth Castle,place,0.97,1,Killingworth Castle,K,Killingworth Castle kept and furnished by the Barons. 767.28. deliuered to Kyng Henry the thyrd. 777.73.,,,,,,,,,
Kinarde,place,0.83,1,Kinarde,K,"Kinarde Ferie Castle, razed to the very ground. 433.24.",,,,,,,,,
Kynwith Castle,place,0.95,1,Kynwith Castle,K,Kynwith Castle. 214.67.,,,,,,,,,
Kirksteede Abbey in Yorkshyre,place,0.97,1,Kirksteede Abbey in Yorkshyre,K,Kirksteede Abbey in Yorkshyre founded. 394.30,,,,,,,,,
Laford Castle,place,0.95,1,Laford Castle,L,Laford Castle. 605.30.,,,,,,,,,
Lammeth Church,place,0.92,1,Lammeth Church,L,Lammeth Church fyrst founded by Baldwyn Archbyshop of of Canterburie. 537.1. rased by the commaundement of the Pope. 577.27. and. 539.30.,,,,,,,,,
Lancaster,place,0.69,1,Lancaster,L,Lancaster sword. 1119. co. 2 lin. 26.,,,,,,,,,
Lancaster Castle,place,0.79,1,Lancaster Castle,L,Lancaster Castle deliuered to the Bishop of Durham. 516 46.,,,,,,,,,
Lanpeder,place,0.81,1,Lanpeder,L,Lanpeder vaur castle buylt. 788 13. b. taken by the Welch men. 791.1. a,,,,,,,,,
Lee Riuer,place,0.97,2,Lee Riuer | Lee riuer,L,Lee riuer. 214.113.,,,,,,,,,
Ledes Castle,place,0.97,1,Ledes Castle,L,Ledes Castle besieged by Edward the second. 861.33. b.,,,,,,,,,
Leycester,place,0.83,2,Leycester,L,Leycester and castle wals rased to the ground. 445.13,,,,,,,,,
Leicester towne,place,0.94,4,Leicester towne | Leycester towne,L,Leycester towne and Castle taken and burnt. 430.10.,,,,,,,,,
Leides Castle,place,0.75,1,Leides Castle,L,Leides Castle taken by king Stephan. 371.33.,,,,,,,,,
Leighton battel,place,0.95,1,Leighton battel,L,"Leighton battel, fought by English men agaynst the Danes. 221.10.",,,,,,,,,
Leof Monasterie,place,0.87,1,Leof Monasterie,L,Leof Monasterie builded. 277.32.,,,,,,,,,
Leoffe Monasterie,place,0.97,1,Leoffe Monasterie,L,Leoffe Monasterie. 270.13.,,,,,,,,,
Leogitia,place,0.87,1,Leogitia,L,Leogitia called also Lergetia. 12.31.,,,,,,,,,
Lestinghem Monasterie,place,0.97,1,Lestinghem Monasterie,L,Lestinghem Monasterie founded. 175.2.,,,,,,,,,
Lichfielde,place,0.87,1,Lichfielde,L,Lichfielde a towne. pag. 1415. col. 1.28. col. 2. lin. 57.,,,,,,,,,
Lydford,place,0.91,1,Lydford,L,Lydford wasted and burnt by the Danes. 241.42,,,,,,,,,
Liens Castle,place,0.83,1,Liens Castle,L,Liens Castle wonne by kyng Iohns souldiours. 584.12.,,,,,,,,,
Lieth,place,0.75,1,Lieth,L,Lieth besieged by the Lorde Gray. 1804.2. the sundrye exploytes done thereat. ibidem. and many leaues folowing. 1813. where the towne is surrendered and peace made.,,,,,,,,,
Lymene riuer,place,0.97,1,Lymene riuer,L,Lymene riuer in East Kent. 215.76.,,,,,,,,,
Limezun Citie,place,0.92,1,Limezun Citie,L,"Limezun Citie in Cypres, wonne by king Richard the first. 492.11.",,,,,,,,,
Lincolne,place,0.64,4,Lincolne,L,Lincolne besieged by Cheldrike. 132.69.,,,,,,,,,
Lincolne Castle,place,0.83,1,Lincolne Castle,L,Lincolne Castle builded. 299.1.,,,,,,,,,
Lincolne Church,place,0.85,2,Lincolne Church,L,Lincolne Church builded. 162 70.,,,,,,,,,
Lincolne Citie,place,0.82,1,Lincolne Citie,L,Lincolne Citie taken and spoyled by certaine outlawes. 776.61.,,,,,,,,,
Lincolne towne,place,0.91,1,Lincolne towne,L,Lincolne towne besieged by K. Stephan and deliuered. 380 80.,,,,,,,,,
Lindesferne Abbey,place,0.97,1,Lindesferne Abbey,L,Lindesferne Abbey spoyled by the Danes. 202.26.,,,,,,,,,
Lindesferne Monasterie,place,0.97,1,Lindesferne Monasterie,L,Lindesferne Monasterie. 196.16.,,,,,,,,,
Lindestarne Ile,place,0.95,1,Lindestarne Ile,L,"Lindestarne Ile, geuen vnto Aydan, for the See of his Bishopricke. 168.27.",,,,,,,,,
Lyndsey,place,0.81,4,Lindsey | Lyndsey,L,Lyndsey spoyled by Earle Tostie. 284.22.,,,,,,,,,
Linne,place,0.84,1,Linne,L,Linne wonne by Lewes power. 602.8.,,,,,,,,,
Lisieux,place,0.4,2,Lisieux | Lysieux,L,"Lisieux, won by the French. pa. 1276. col. 2. lin 53.",,,,,,,,,
Litchfield,place,0.64,1,Litchfield,L,"Litchfield See, to the Bishops of Mercia. 179.",,,,,,,,,
Lith,place,0.8,1,Lith,L,Lith burnt· 1593.20.,,,,,,,,,
Lochdore Castle,place,0.82,1,Lochdore Castle,L,Lochdore Castle taken. 842.44. b.,,,,,,,,,
Logria,place,0.83,1,Logria,L,"Logria, alotted to Locrinus, now called England. 16 37",,,,,,,,,
Loyre,place,0.91,1,Loyre,L,Loyre a Ryuer in Fraunce. 13 84.,,,,,,,,,
London,place,0.9,28,London,LM,London mutch harmed by an outragious winde. 322.9.,,,,,,,,,
Lordane,place,0.83,1,Lordane,L,"Lordane, whereof the worde came, and what it signifieth. 243.18.",,,,,,,,,
Losecote field,place,0.95,1,Losecote field,L,Losecote field. pag. 1322. col. 1. lin. 44.,,,,,,,,,
Loughleuen riuer,place,0.95,1,Loughleuen riuer,L,Loughleuen riuer. 70.1.,,,,,,,,,
Louthian in Scotland,place,0.92,1,Louthian in Scotland,L,Louthian in Scotland wasted by the English men. 430.36.,,,,,,,,,
Ludgate,place,0.69,1,Ludgate,L,Ludgate builded. 33.97.,,,,,,,,,
Ludlow,place,0.97,1,Ludlow,L,Ludlow spoyled. pag. 1297. col. 2. lin. 26.,,,,,,,,,
Ludlow Castle,place,0.95,2,Ludlow Castle,L,Ludlow Castle. 368.76.,,,,,,,,,
Ludlow towne,place,0.94,1,Ludlow towne,L,Ludlow towne wonne by kyng Stephan. 371.51.,,,,,,,,,
Lugge riuer,place,0.72,1,Lugge riuer,L,"Lugge riuer, where Ethelbertes body was buried. 197.28.",,,,,,,,,
Luye riuer,place,0.95,1,Luye riuer,L,Luye riuer. now Lee.. 216.52.,,,,,,,,,
Machaire Castle in Fraunce,place,0.71,1,Machaire Castle in Fraunce,M,Machaire Castle in Fraunce wonne. 627.10.,,,,,,,,,
Malasert Castle,place,0.86,1,Malasert Castle,M,Malasert Castle made playne with the ground. 445.20.,,,,,,,,,
Maldon,place,0.81,1,Maldon,M,Maldon. 221.2.,,,,,,,,,
Malebrough Castle,place,0.95,1,Malebrough Castle,M,Malebrough Castle 438.100,,,,,,,,,
Malesert Castle,place,0.82,1,Malesert Castle,M,Malesert Castle taken. 433.31.,,,,,,,,,
Malmesbury Abbey,place,0.97,2,Malmesbury Abbey,M,Malmesbury Abbey fleeced of possessions. 195.28,,,,,,,,,
Malmesburie Castle,place,0.76,2,Malmesburie Castle,M,Malmesburie Castle besieged and deliuered. 386 65.,,,,,,,,,
Maluoylim Castle,place,0.87,1,Maluoylim Castle,M,Maluoylim Castle builded. 326.13.,,,,,,,,,
Manchester towne,place,0.97,1,Manchester towne,M,Manchester towne repayred. 222.72.,,,,,,,,,
Manus Citie,place,0.92,1,Manus Citie,M,Manus Citie and Castle taken and throwen downe. 543.58.,,,,,,,,,
Marke Castle,place,0.64,1,Marke Castle,M,Marke Castle betrayed and recouered agayne. 1008.2. b.,,,,,,,,,
Marlbrough Castle,place,0.97,1,Marlbrough Castle,M,Marlbrough Castle rased by the friendes of king Henrie the third. 611.67.,,,,,,,,,
Marlebourgh Castle,place,0.97,1,Marlebourgh Castle,M,"Marlebourgh Castle besieged, and rendred to the Bishop of Durham. 516.42.",,,,,,,,,
Martan Nunrie,place,0.8,1,Martan Nunrie,M,Martan Nunrie founded. 726 36.,,,,,,,,,
Marton Colledge,place,0.97,1,Marton Colledge,M,Marton Colledge founded. 794.53. a,,,,,,,,,
Maserfield field,place,0.95,1,Maserfield field,M,Maserfield field fought by the Mercians agaynst the Northumbers. 170.7.,,,,,,,,,
Maũt citie,place,0.9,1,Maũt citie,M,Maũt citie burnt by king William. 314.47.,,,,,,,,,
Mategriffon Castle in Sicile,place,0.87,1,Mategriffon Castle in Sicile,M,Mategriffon Castle in Sicile buylded by king Richard the first. 489.17.,,,,,,,,,
Maudes Castle,place,0.7,1,Maudes Castle,M,Maudes Castle repayred by Henry the third. 638.63,,,,,,,,,
Maudes Castle in Wales,place,0.72,1,Maudes Castle in Wales,M,Maudes Castle in Wales. 537.74.,,,,,,,,,
Mauus,place,0.29,3,Maus | Mauus,M,Maus deliuered to the English. pag. 1225. col. 2. lin. 21. lost by the English. pag. 1238. col. 1. lin. 40. agayne recouered by the English. pag. 1238. col 2. lin. 40.,,,,,,,,,
Maus citie,place,0.95,2,Maus citie,M,"Maus citie besieged, and deliuered. 329.48.",,,,,,,,,
Meall Castle,place,0.87,1,Meall Castle,M,Meall Castle deliuered to king Henry the second. 401.25.,,,,,,,,,
Meaue,place,0.89,1,Meaue,M,Meaue besieged by the Englishe. pag. 1214. co. 1. lin. 30 taken. pag. 1215. col. 1. lin. 3.,,,,,,,,,
Medeway riuer,place,0.95,1,Medeway riuer,M,Medeway riuer. 241.53.,,,,,,,,,
Meidhamsted Abbey,place,0.87,1,Meidhamsted Abbey,M,Meidhamsted Abbey builded. 181.11.,,,,,,,,,
Meidhamstede,place,0.83,1,Meidhamstede,M,"Meidhamstede, now called Peterborough. 181.11.",,,,,,,,,
Meireuent Castle,place,0.9,1,Meireuent Castle,M,Meireuent Castle wonne by king Iohn. 584.40.,,,,,,,,,
Melua,place,0.97,1,Melua,M,Melua besieged in the Marishes neere Glastenburie. 134.25.,,,,,,,,,
Melun,place,0.89,1,Melun,M,Melun besieged by the Englishe. pag. 1209. col. 2. li. 16. yeelded. pa. 1210. col. 2. li. 6,,,,,,,,,
Meneuia,place,0.91,1,Meneuia,M,"Meneuia, nowe called West Wales. 27.106.",,,,,,,,,
Meneuia Citie in Wales,place,0.94,1,Meneuia Citie in Wales,M,"Meneuia Citie in Wales, now called Saint Dauid taken. 123.42.",,,,,,,,,
Mercia,place,0.78,8,Mercia,M,Mercia conquered by the west Saxons. 203.83.,,,,,,,,,
Mercie,place,0.86,1,Mercie,M,"Mercie, possessed by the Saxons. 131.24,",,,,,,,,,
Mercie riuer,place,0.97,2,Mercie riuer,M,Mercie riuer. 143.49.,,,,,,,,,
Meriuale Abbey in Warwikeshire,place,0.97,1,Meriuale Abbey in Warwikeshire,M,"Meriuale Abbey in Warwikeshire, founded. 394.29.",,,,,,,,,
Merton,place,0.86,1,Merton,M,Merton. 198.9.,,,,,,,,,
Merton Abbey,place,0.97,1,Merton Abbey,M,Merton Abbey founded by Gilbert a Norman. 649.16.,,,,,,,,,
Mesia,place,0.83,1,Mesia,M,"Mesia, now called Bulgarie. 103.31.",,,,,,,,,
Michelney Abbey,place,0.87,1,Michelney Abbey,M,Michelney Abbey builded. 227 1.,,,,,,,,,
Middelton Castle,place,0.87,1,Middelton Castle,M,Middelton Castle builded. 216.6.,,,,,,,,,
Midleham Castle,place,0.97,2,Midleham Castle,M,Midleham Castle. pag. 1321. col. 1. lin. 47.,,,,,,,,,
Milford hauen in Penbrookshire,place,0.95,1,Milford hauen in Penbrookshire,M,Milford hauen in Penbrookshire. 419.42.,,,,,,,,,
Milnal,place,0.8,1,Milnal,M,Milnal burnt. 1837. 53·,,,,,,,,,
Mirabeau Castle in Poictou,place,0.82,1,Mirabeau Castle in Poictou,M,Mirabeau Castle in Poictou taken. 635.41.,,,,,,,,,
Monasterie of Bangor,place,0.97,1,Monasterie of Bangor,M,Monasterie of Bangor. 151.43.,,,,,,,,,
Monasterie of Briege,place,0.97,1,Monasterie of Briege,M,"Monasterie of Briege, or Cala in Fraunce. 169.56.",,,,,,,,,
Mondidier,place,0.84,1,Mondidier,M,Mondidier wonne. 1528.10,,,,,,,,,
Monkaster,place,0.83,1,Monkaster,M,"Monkaster, now called Newcastle. 307.100",,,,,,,,,
Mons in Henaud,place,0.83,1,Mons in Henaud,M,"Mons in Henaud held by Britaines, and why so called. 87 101.",,,,,,,,,
Monstreaw,place,0.77,1,Monstreaw,M,Monstreaw besieged and taken by the English. 1209. co. 1. li. 33.,,,,,,,,,
Montfort Castle,place,0.76,1,Montfort Castle,M,Montfort Castle delyuered to the Englishmen. 399.62.,,,,,,,,,
Montgomery castle,place,0.97,2,Montgomery castle,M,Montgomery castle buylt. 619 33.,,,,,,,,,
Monthault castle,place,0.75,1,Monthault castle,M,Monthault castle taken by Dauid prince of Wales. 712.35.,,,,,,,,,
Moriani,place,0.27,3,Moriani,M,Moriani vanquished by the Britaynes and slayne. 29.115.,,,,,,,,,
Mortimers Crosse,place,0.97,1,Mortimers Crosse,M,Mortimers Crosse. 1304. co. 2 lin. 43.,,,,,,,,,
Mouyng Wood,place,0.95,1,Mouyng Wood,M,"Mouyng Wood, by the Kentish men bearing of bougbes in their handes. 292 64",,,,,,,,,
Mount Saint Michaell Castle in Normandie,place,0.74,1,Mount Saint Michaell Castle in Normandie,M,"Mount Saint Michaell Castle in Normandie, besieged and released. 321.89.",,,,,,,,,
Mountfort Castle,place,0.91,1,Mountfort Castle,M,Mountfort Castle deliuered to the French King 557.27.,,,,,,,,,
Mountgomerie Castle,place,0.67,1,Mountgomerie Castle,M,Mountgomerie Castle wonne by the Welchmen. 325.97.,,,,,,,,,
Mountjoy Castle,place,0.87,1,Mount<?>oy Castle,M,"Mount<?>oy Castle yeelded to the English. pag. 1192, col. 2. lin. 34.",,,,,,,,,
Mountsorel castle,place,0.93,1,Mountsorel castle,M,Mountsorel castle deliuered to king Henry the second. 436.35.,,,,,,,,,
Mountsorell Castle in Leycestershire,place,0.97,1,Mountsorell Castle in Leycestershire,M,"Mountsorell Castle in Leycestershire, besieged. 612.6.",,,,,,,,,
Munmouth castle,place,0.86,1,Munmouth castle,M,"Munmouth castle taken, and rased to the ground. 772.68",,,,,,,,,
Mutterel,place,0.95,1,Mutterel,M,Mutterel besieged. 1594. the siege broken vp. 1590.40.,,,,,,,,,
Nantes,place,0.89,1,Nantes,N,Nantes besieged by the Englishmen. 1021.54. a,,,,,,,,,
Nauarre,place,0.71,1,Nauarre,N,Nauarre wonne by Ferdinand the kyng of Hispaine. 1473 50.,,,,,,,,,
Nauntes citie,place,0.97,1,Nauntes citie,N,Nauntes citie vnliuered to K. Henry the second. 398.43,,,,,,,,,
Nefle Castle,place,0.87,1,Nefle Castle,N,Nefle Castle yeelded to the Frenchmen. 510.40.,,,,,,,,,
Neomagus,place,0.89,1,Neomagus,N,Neomagus a Citie in Britaine by whom builded. 2.95.,,,,,,,,,
Newarke Castle,place,0.72,2,Newarke Castle,N,Newarke Castle builded. 371.75.,,,,,,,,,
Newbourgh,place,0.8,1,Newbourgh,N,Newbourgh. 194.66.,,,,,,,,,
Newbourgh Abbey,place,0.97,1,Newbourgh Abbey,N,Newbourgh Abbey. founded. 394 28.,,,,,,,,,
Newburgh,place,0.75,1,Newburgh,N,Newburgh brent by Earle Iohn. 538.4.,,,,,,,,,
Newburie Castle,place,0.9,1,Newburie Castle,N,Newburie Castle wonne by king Stephan. 386.42.,,,,,,,,,
Newcastle,place,0.93,4,Newcastle,N,Newcastle taken by the Scots. 366.80.,,,,,,,,,
Newcastle towne,place,0.97,2,Newcastle towne,N,Newcastle towne and Castle founded. 311.8.,,,,,,,,,
Newcastle vpon Tyne,place,0.97,1,Newcastle vpon Tyne,N,Newcastle vpon Tyne brent by casual fire. 728.16.,,,,,,,,,
Newe mynster,place,0.76,1,Newe mynster,N,Newe mynster in Winchester builded. 217.57,,,,,,,,,
Newmerch Castle,place,0.97,1,Newmerch Castle,N,Newmerch Castle besieged and deliuered to the Frenchmen 385.20.,,,,,,,,,
Nicastum,place,0.8,1,Nicastum,N,Nicastum recouered by the Englishmen. 356.18.,,,,,,,,,
Nichosia,place,0.63,1,Nichosia,N,Nichosia in Cypres wonne by king Richard the first. 493.39.,,,,,,,,,
Niemagus,place,0.89,1,Niemagus,N,"Niemagus, a Citie in Britaine by whom builded. 2.95.",,,,,,,,,
Nine Riuer,place,0.95,1,Nine Riuer,N,Nine Riuer. pag. 1299. col. 1. lin. 41.,,,,,,,,,
Norfolke,place,0.77,1,Norfolke,N,Norfolke rebels vanquished by their Bishop. 1032.10. a.,,,,,,,,,
Norrham Castle,place,0.97,3,Norrham Castle,N,Norrham Castle. 436.28.,,,,,,,,,
Normandy,place,0.89,2,Normandy,N,Normandy interdited and why. 546.50.,,,,,,,,,
Normandie,place,0.81,9,Normandie,EN,"Normandie possessed by Rollo and his people, and why so called. 213.70.",,,,,,,,,
North Wales,place,0.9,1,North Wales,N,North Wales & Southwales ioyneth in amitie together to rebel against Henrye the third. 744.73.,,,,,,,,,
Northampton,place,0.75,3,Northampton,N,Northampton. pa. 1299. col. 1. lin. 47. col. 2. lin. 15. lin. 18.,,,,,,,,,
Northampton towne,place,0.81,1,Northampton towne,N,"Northampton towne, besieged and taken by king Henry the thyrd. 766.35.",,,,,,,,,
Northamton,place,0.91,1,Northamton,N,Northamton burned by the Danes. 245.73.,,,,,,,,,
Northfolke,place,0.93,2,Northfolke,N,Northfolke and Suffolke delyuered to the Saxons. 118.45.,,,,,,,,,
Northumberland,place,0.8,13,Northumberland,N,"Northumberland sacked, and deuided amongst the Danes 212.31.",,,,,,,,,
Norwich,place,0.91,4,Norwich,N,Norwich wonne by Ret. 1662.30.,,,,,,,,,
Norwich Abbey,place,0.97,1,Norwich Abbey,N,"Norwich Abbey set on fire by the Citizens, and burned. 782.46.",,,,,,,,,
Norwich Castle,place,0.97,3,Norwich Castle,N,Norwich Castle. 390.65.,,,,,,,,,
Norwich Citie,place,0.94,2,Norwich Citie,N,Norwich Citie assaulted and wonne by the confederates against king Henrye the second. 433.59.,,,,,,,,,
Norwich Monasterie,place,0.97,1,Norwich Monasterie,N,Norwich Monasterie founded. 333.80.,,,,,,,,,
Norwiche Castle,place,0.85,1,Norwiche Castle,N,Norwiche Castle surrendred to Lewes. 610.35.,,,,,,,,,
Notingham,place,0.92,3,Notingham,N,Notingham newe towne and bridge builded. 222.69.,,,,,,,,,
Notingham Castle,place,0.97,1,Notingham Castle,N,Notingham Castle. pag. 1415 col. 1. lin. 51.,,,,,,,,,
Notingham towne,place,0.97,2,Notingham towne,N,"Notingham towne, wonne by the Danes. 209.97.",,,,,,,,,
Notingham towns,place,0.86,1,Notingham towns,N,Notingham towns taken and burned. 435.38.,,,,,,,,,
Nouant Castle,place,0.64,1,Nouant Castle,N,Nouant Castle besieged by king Iohn. 584.43. deliuered to the king. 584.50.,,,,,,,,,
Nouiomagus,place,0.89,1,Nouiomagus,N,"Nouiomagus a Citie in Britaine, by whom builded. 2.96.",,,,,,,,,
Nusse,place,0.89,1,Nusse,N,Nusse besieged. pag. 1346. co. 2. lin. 30.,,,,,,,,,
Odiham Castle,place,0.91,2,Odiham Castle,O,Odiham Castle won by Lewes 601.3.,,,,,,,,,
Offchurch,place,0.69,1,Offchurch,O,Offchurch builded. 195.84.,,,,,,,,,
Offeld Manour,place,0.97,1,Offeld Manour,O,"Offeld Manour, burnt. 779.41",,,,,,,,,
Oriall Colledge,place,0.97,1,Oriall Colledge,O,Oriall Colledge founded. 884.47. a.,,,,,,,,,
Orkney Iles,place,0.97,1,Orkney Iles,O,Orkney Iles recouered by the Britaines. 141.80.,,,,,,,,,
Orlians,place,0.89,1,Orlians,O,Orlians besieged by the Englishe. pag. 1239. col. 1. lin. 47.,,,,,,,,,
Ossestrie,place,0.8,1,Ossestrie,O,Ossestrie thrise burnt within xxx. yeares. 1837.37.,,,,,,,,,
Owse bridge,place,0.82,1,Owse bridge,O,Owse bridge born away. 1834 13.,,,,,,,,,
Oxford,place,0.91,5,Oxford,O,Oxford burned by the Danes. 245.19.,,,,,,,,,
Oxford Castle,place,0.94,2,Oxford Castle,O,Oxford Castle. 391.22.,,,,,,,,,
Oxford Vniuersitie,place,0.95,1,Oxford Vniuersitie,O,Oxford Vniuersitie founded. 217.61.,,,,,,,,,
Paluel Castle,place,0.75,1,Paluel Castle,P,Paluel Castle taken by the French king 469.10.,,,,,,,,,
Paris,place,0.78,1,Paris,P,Paris yeelded to the French. pag. 1258 col. 1. lin. 28.,,,,,,,,,
Pascy Castle,place,0.97,2,Pascy Castle,P,Pascy Castle. 445.24.,,,,,,,,,
Pauline Souday field,place,0.9,1,Pauline Souday field,P,Pauline Souday field. pag. 1311. col. 2. lin. 8.,,,,,,,,,
Pearch,place,0.81,1,Pearch,P,"Pearch of land, how many foot it conteyneth. 312.103",,,,,,,,,
Pegnalech Abbey,place,0.95,1,Pegnalech Abbey,P,Pegnalech Abbey. 177.49.,,,,,,,,,
Pelagius,place,0.63,5,Pelagius,P,Pelagius Heresie renued among the Scots. 163.35.,,,,,,,,,
Pembroke shire,place,0.88,1,Pembroke shire,P,Pembroke shire spoyled by the Welch men. 749.59.,,,,,,,,,
Pemsey Castle,place,0.92,1,Pemsey Castle,P,"Pemsey Castle besieged, and rendred to king William Ru+fus. 319.57",,,,,,,,,
Penbroke Hal in Cambrige,place,0.71,1,Penbroke Hal in Cambrige,P,Penbroke Hal in Cambrige founded. 996.18. b.,,,,,,,,,
Penensey towne,place,0.97,1,Penensey towne,P,Penensey towne and Castle. 390.79.,,,,,,,,,
Pensey Castle,place,0.87,1,Pensey Castle,P,Pensey Castle deliuered to the king. 397.19.,,,,,,,,,
Pente Riuer,place,0.95,1,Pente Riuer,P,Pente Riuer. 174.45.,,,,,,,,,
Petteham Manour,place,0.84,1,Petteham Manour,P,"Petteham Manour, made ouer to the Church of Canterbury. 327.56.",,,,,,,,,
Peterborrough,place,0.81,1,Peterborrough,P,Peterborrough in olde tyme called Meidhamsteede. 181.11.,,,,,,,,,
Peterborough Abbey,place,0.95,1,Peterborough Abbey,P,Peterborough Abbey established. 234.9.,,,,,,,,,
Pightland in Scotland,place,0.82,1,Pightland in Scotland,P,"Pightland in Scotland, so called of the Pictes. 13.99.",,,,,,,,,
Pikering towne,place,0.87,1,Pikering towne,P,Pikering towne builded. 32.15.,,,,,,,,,
Pleshey Castle,place,0.95,1,Pleshey Castle,P,"Pleshey Castle deliuered to K, Stephan. 380.42.",,,,,,,,,
Poictou,place,0.87,1,Poictou,P,Poictou tooke name of ye Picts 13.96.,,,,,,,,,
Poitiers,place,0.64,1,Poitiers,P,Poitiers wonne by Henry Erle of Derby. 939.1. a.,,,,,,,,,
Poyton,place,0.84,1,Poyton,P,Poyton wonne by the French men. 993.4. a.,,,,,,,,,
Pomfret Castle,place,0.97,1,Pomfret Castle,P,Pomfret Castle. pag. 1310. col. 2. lin. 25. pag. 1328. col. 2. lin. 45.,,,,,,,,,
Pont Meulan,place,0.84,1,Pont Meulan,P,Pont Meulan surprised by the French. pag. 1220. col. 2. lin. 34. rendred agayn to the English. lin. 49.,,,,,,,,,
Ponteandemer castle,place,0.93,1,Ponteandemer castle,P,"Ponteandemer castle besieged, and taken. 359.53",,,,,,,,,
Pontfracte Coledge,place,0.8,1,Pontfracte Coledge,P,Pontfracte Coledge founded. pag. 1152. col 2. lin. 52.,,,,,,,,,
Pontorson,place,0.8,1,Pontorson,P,Pontorson rendred to the English. pag. 1236. col. 1. lin. 31.,,,,,,,,,
Porchester,place,0.96,1,Porchester,P,Porchester wonne by the Romans 51.33.,,,,,,,,,
Portesmouth,place,0.96,2,Portesmouth,P,Portesmouth in Sussex whence so called. 130.11.,,,,,,,,,
Porthland,place,0.88,1,Porthland,P,"Porthland in deuonshyre, spoyled by the Danes. 238.37.",,,,,,,,,
Poulesworth Abbey,place,0.87,1,Poulesworth Abbey,P,Poulesworth Abbey builded. 208.7.,,,,,,,,,
Prebendes,place,0.84,2,Prebendes,P,"Prebendes in the new Monasterie of Winchester, taken from Vicars, and geuen to Monkes. 234.49.",,,,,,,,,
Preston in Auandernes,place,0.84,1,Preston in Auandernes,P,"Preston in Auandernes, brent by the Scottes. 870.8. b.",,,,,,,,,
Puglia,place,0.9,1,Puglia,P,Puglia. 314.43.,,,,,,,,,
Pulcher Church,place,0.95,1,Pulcher Church,P,Pulcher Church. 228.62.,,,,,,,,,
Rad,place,0.87,1,Rad,R,"Rad Pont besieged, and wonne 557.9.",,,,,,,,,
Ramsey abbey,place,0.97,2,Ramsey Abbey | Ramsey abbey,R,Ramsey Abbey buylded. 234 24.,,,,,,,,,
Reading Abbey,place,0.97,1,Reading Abbey,R,"Reading Abbey founded, and by whom. 363.47.",,,,,,,,,
Reading Castle,place,0.93,1,Reading Castle,R,Reading Castle deliuered to Duke Henry Fitzempresse. 387.116.,,,,,,,,,
Reding battayle,place,0.9,1,Reding battayle,R,"Reding battayle, fought by the Danes agaynst the English men. 210.6.",,,,,,,,,
Reiualle abbey,place,0.95,1,Reiualle abbey,R,Reiualle abbey foũded. 394.27,,,,,,,,,
Remorintin Castle,place,0.9,1,Remorintin Castle,R,Remorintin Castle won by the blacke Prince. 956.40. b.,,,,,,,,,
Renues,place,0.75,1,Renues,R,Renues besieged by Henry Duke of Lancaster. 962.46. a.,,,,,,,,,
Rial,place,0.84,1,Rial,R,Rial besieged by the Earle of Aniou. 874.24. b,,,,,,,,,
Richar castle,place,0.95,1,Richar castle,R,Richar castle belongyng to Hugh Mortimer. 771.13,,,,,,,,,
Richmond castle,place,0.83,1,Richmond castle,R,Richmond castle builded. 301.66.,,,,,,,,,
Richmond house,place,0.89,1,Richmond house,R,Richmond house buylt. 1454.20.,,,,,,,,,
Rieule,place,0.86,1,Rieule,R,Rieule a borough in Normandy burnt. 385.49,,,,,,,,,
Riolle,place,0.91,1,Riolle,R,Riolle besieged and wonne by the Earle of Derbie. 927.33. b.,,,,,,,,,
Rion,place,0.84,1,Rion,R,Rion wonne by the Frenchmen. 812.7. b.,,,,,,,,,
Rippon Abbey,place,0.97,1,Rippon Abbey,R,Rippon Abbey burnt. 229.63,,,,,,,,,
Riual abbey,place,0.95,1,Riual abbey,R,Riual abbey foũded. 333.96,,,,,,,,,
Roan,place,0.93,1,Roan,R,Roan besieged by the Englishe. pag. 1194. co. 1. lin. 19. yeelded to the Englishe. pag. 1197. co. 1. lin. 57. yeelded to the French pag. 1275. co. 2. lin. 30.,,,,,,,,,
Roan Castle,place,0.95,1,Roan Castle,R,Roan Castle fortified. 359.56.,,,,,,,,,
Rochel,place,0.8,1,Rochel,R,Rochel won from the English men. 626.23.,,,,,,,,,
Rochester,place,0.94,4,Rochester,R,Rochester besieged by the Danes. 215.47.,,,,,,,,,
Rochester Bridge,place,0.97,1,Rochester Bridge,R,Rochester Bridge buylded. pag. 1152. co. 2. lin. 47.,,,,,,,,,
Rochester Castle,place,0.9,5,Rochester Castle,R,Rochester Castle fortified by bishop Odo. 318.44.,,,,,,,,,
Rochester Churche,place,0.87,1,Rochester Churche,R,"Rochester Churche aduanced from foure secular Clerkes, to fiftie Monkes. 320.65.",,,,,,,,,
Rockesburgh,place,0.89,1,Rockesburgh,R,Rockesburgh brent by the Scottes. 1010.40. a.,,,,,,,,,
Rockingham Castle,place,0.95,1,Rockingham Castle,R,Rockingham Castle. 331 43.,,,,,,,,,
Rockingham in Rutlandshyre,place,0.8,1,Rockingham in Rutlandshyre,R,Rockingham in Rutlandshyre. 331.42.,,,,,,,,,
Rome,place,0.79,4,Rome,R,Rome buylded. 21.64.,,,,,,,,,
Rouen,place,0.81,3,Rouen,R,Rouen through famyn is surrendred to the French K. 559.33.,,,,,,,,,
Roxborowe Castle,place,0.97,1,Roxborowe Castle,R,Roxborowe Castle besieged. pag. 1302. col. 2. lin. 40.,,,,,,,,,
Roxbourgh castle,place,0.87,1,Roxbourgh castle,R,Roxbourgh castle guaged to the King of England. 439.40.,,,,,,,,,
Ruthlan Castle,place,0.88,1,Ruthlan Castle,R,Ruthlan Castle builded. 789 6. a. besieged. 790.52. b,,,,,,,,,
Rutland castle,place,0.87,1,Rutlãd castle,R,Rutlãd castle builded. 398.2,,,,,,,,,
Saffron Walden,place,0.88,1,Saffron Walden,S,Saffron Walden in Essex. 255.78,,,,,,,,,
Saint Albanes Monasterie,place,0.76,1,Saint Albanes Monasterie,S,Saint Albanes Monasterie builded. 194.108,,,,,,,,,
Saint Albons Abbey,place,0.81,1,Saint Albons Abbey,S,Saint Albons Abbey spoyled. 380.46,,,,,,,,,
Saint Albons towne,place,0.79,1,Saint Albons towne,S,Saint Albons towne and monasterie builded. 88.17,,,,,,,,,
Saint Andrewes Church,place,0.71,1,Saint Andrewes Church,S,Saint Andrewes Church in the Ile of Andresey builded. 208.18,,,,,,,,,
Saint Andrewes Church in Rochester,place,0.64,1,Saint Andrewes Church in Rochester,S,Saint Andrewes Church in Rochester builded. 150.62,,,,,,,,,
Saint Augustines Monasterie,place,0.94,1,Saint Augustines Monasterie,S,Saint Augustines Monasterie nigh Caunterbury builded. 150.38,,,,,,,,,
Saint Edmondesburie,place,0.61,1,Saint Edmondesburie,S,Saint Edmondesburie in olde time called Eglesdon. 211.37,,,,,,,,,
Saint Fridancus Church,place,0.97,1,Saint Fridancus Church,S,"Saint Fridancus Church in the Ile of Anglesey, made a kennel for hoũds 328.97",,,,,,,,,
Saint Martins Churche,place,0.73,2,Saint Martins Churche,S,Saint Martins Churche high Ludgate in London builded. 167.49,,,,,,,,,
Saint Martins Sanctuarie,place,0.71,1,Saint Martins Sanctuarie,S,Saint Martins Sanctuarie. page. 1365. col. 2. line 52,,,,,,,,,
Saint Michaels College in Cambridge,place,0.7,1,Saint Michaels College in Cambridge,S,Saint Michaels College in Cambridge founded. 872.26. a,,,,,,,,,
Saint Oswins Church,place,0.95,1,Saint Oswins Church,S,Saint Oswins Church at Tinmouth. 326.20,,,,,,,,,
Saint Paules Church in London,place,0.65,2,Saint Paules Church in London,S,Saint Paules Church in London burnte to the ground. 314.<?>7,,,,,,,,,
Saint Peters Church,place,0.68,1,Saint Peters Church,S,Saint Peters Church at Wer<?>mouth burned by the Scottes. <?>07.7,,,,,,,,,
Saint Peters Churche,place,0.63,1,Saint Peters Churche,S,Saint Peters Churche at Yorke erected. 161.102,,,,,,,,,
Saint Petrokes Abbey in Cornewall,place,0.97,1,Saint Petrokes Abbey in Cornewall,S,Saint Petrokes Abbey in Cornewall spoyled by the Danes. 237.36,,,,,,,,,
Sainte Albons Abbey,place,0.65,1,Sainte Albons Abbey,S,Sainte Albons Abbey repaired. 32.68,,,,,,,,,
Sainte Ordulfes Monasterie,place,0.64,1,Sainte Ordulfes Monasterie,S,Sainte Ordulfes Monasterie at Essingstock burned by the Danes. 241. line. 4.5,,,,,,,,,
Sainte Werbroughes Church,place,0.65,1,Sainte Werbroughes Church,S,Sainte Werbroughes Church in Chester builded. 277.35,,,,,,,,,
Saltwood,place,0.8,1,Saltwood,S,"Saltwood claymed, to belong perticularly to the seigniorie of the Sea of Caunterburie. 4.01. line. 101",,,,,,,,,
Sandwich,place,0.97,1,Sandwich,S,Sandwich spoiled by Danish Pirates. 270.26,,,,,,,,,
Sandwiche,place,0.92,1,Sandwiche,S,Sandwiche spoyled by french. 1290. by Io. Dynham. 1298. taken by Lord Fauconbridge. 1298. kept by Bastarde Fauconbridge. 1344.10,,,,,,,,,
Sauoy,place,0.91,1,Sauoy,S,"Sauoy spoyled, and brent by Rebels. 1026.30. b",,,,,,,,,
Saxton,place,0.61,1,Saxton,S,Saxton third King of the Ceires. 3.2,,,,,,,,,
Saxton fielde,place,0.97,1,Saxton fielde,S,Saxton fielde. page. 1311. col. 1. line. 52,,,,,,,,,
Scarborrough Castel,place,0.87,1,Scarborrough Castel,S,Scarborrough Castel deliuered to the King 396. line. 27,,,,,,,,,
Sceorstan battaile,place,0.95,1,Sceorstan battaile,S,"Sceorstan battaile fought betweene the Englishmen and Danes, wyth equall victorie. 254.41",,,,,,,,,
Scorastan battaile,place,0.95,1,Scorastan battaile,S,Scorastan battaile fought by the Danes against the Englishmen. 251.87,,,,,,,,,
Scotland,place,0.88,2,Scotland,S,Scotland interdited. 855.21. a.,,,,,,,,,
Scotlande,place,0.8,3,Scotlande,S,Scotlande spoyled by the Englishmen. 1047.50. a.,,,,,,,,,
Scotland,place,0.97,1,Scotlãd,S,Scotlãd spoyled. 899.30. a,,,,,,,,,
Sedrike,place,0.6,1,Sedrike,S,Sedrike made a Nunne in France. 169.66,,,,,,,,,
Sem,place,0.81,1,Sem,S,Sem allotted vnto Asia. 1.75,,,,,,,,,
Sens,place,0.75,1,Sens,S,Sens and Monstreau besieged and taken. pa. 1209 col. 1. lin. 33.,,,,,,,,,
Sens Citie in Normandy,place,0.75,1,Sens Citie in Normandy,S,"Sens Citie in Normandy yeelded to He. 5. pag. 1190. col. 1. line. 20 Selred, K. of East Saxons slayne. 197.3<?>",,,,,,,,,
Seolesew Abbey,place,0.94,1,Seolesew Abbey,S,Seolesew Abbey in Sussex builded. 182.83,,,,,,,,,
Seuerne,place,0.76,2,Seuerne,S,"Seuerne a Riuer, page. 1414. col. 2. line. 38. page. 1415. col. 2. line. 44.",,,,,,,,,
Seuerne Riuer,place,0.92,1,Seuerne Riuer,S,Seuerne Riuer. 143.54,,,,,,,,,
Shaftesburie,place,0.8,1,Shaftesburie,S,"Shaftesburie, or Mont Paladoure buylded. 19. line. 4",,,,,,,,,
Shaftesburie Abbey,place,0.87,1,Shaftesburie Abbey,S,Shaftesburie Abbey builded. 217.58,,,,,,,,,
Sherifhuton,place,0.95,1,Sherifhuton,S,Sherifhuton a Manour & Castell 1425.20. &. 34,,,,,,,,,
Shirebourne Castel,place,0.91,1,Shirebourne Castel,S,Shirebourne Castel builded. 371.70,,,,,,,,,
Shirewood forest,place,0.95,1,Shirewood forest,S,Shirewood forest. 516.83,,,,,,,,,
Shrewsburie,place,0.8,2,Shrewsburie,S,Shrewsburie parte burnt. 644.69.,,,,,,,,,
Shrewsburie castell,place,0.89,1,Shrewsburie castell,S,Shrewsburie castell.,,,,,,,,,
Shrewsburie towne,place,0.86,1,Shrewsburie towne,S,Shrewsburie towne fortified agaynst king Henry the first. <?>,,,,,,,,,
Sitomagus,place,0.84,1,Sitomagus,S,"Sitomagus a citie in Britaine, by whome buylded. 2.95",,,,,,,,,
Sleforde Castell,place,0.95,1,Sleforde Castell,S,Sleforde Castell buylded. 371.75.,,,,,,,,,
Smithfield,place,0.95,1,Smithfield,S,"Smithfield a laystall, and place of execution. 341.56",,,,,,,,,
Snowden Castell,place,0.82,1,Snowden Castell,S,Snowden Castell taken. 793.8. a.,,,,,,,,,
Somerset shire,place,0.86,1,Somerset shire,S,Somerset shire wasted by the Danes. 252.9,,,,,,,,,
Sommerton,place,0.91,1,Sommerton,S,"Sommerton besieged, and wonne. 189.56",,,,,,,,,
Southampton,place,0.97,1,Southampton,S,Southampton spoyled by Frenchmen. 904.20. b,,,,,,,,,
Southampton towne,place,0.97,1,Southampton towne,S,Southampton towne spoiled by the Danes. 238.35,,,,,,,,,
Southamton,place,0.86,1,Southamton,S,Southamton why so called. 51.9,,,,,,,,,
Southwales,place,0.78,1,Southwales,S,Southwales spoyled by the Danes. 21<?>.69,,,,,,,,,
Southwark,place,0.89,1,Southwark,S,Southwark spoyled by rebels. 1026.45. a,,,,,,,,,
Southwell Manour,place,0.87,1,Southwell Manour,S,"Southwell Manour, belonging to the Archbishop of Yorke. 349.4",,,,,,,,,
Spaine,place,0.82,1,Spaine,S,Spaine inuaded by barbarous nations. 98.62,,,,,,,,,
Spalding towne,place,0.97,1,Spalding towne,S,Spalding towne giuen too the sea of Lincolne. 349. 98.,,,,,,,,,
Sparatinum,place,0.59,3,Sparatinum,S,Sparatinum besieged by Pandrasus. 11.63,,,,,,,,,
Spiritualtie,place,0.28,3,Spiritualtie,S,"Spiritualtie fleeced both in England and Fraunce, to mainteyne the warres. 522.16.",,,,,,,,,
Staffordshire,place,0.89,1,Staffordshire,S,Staffordshire wasted by rebels. 339.73,,,,,,,,,
Stamford,place,0.92,1,Stamford,S,Stamford. 252.58,,,,,,,,,
Stamford Castell,place,0.97,1,Stamford Castell,S,Stamford Castell besieged by Henrie Fitzempresse. 388.13.,,,,,,,,,
Stamford towne,place,0.88,1,Stamford towne,S,Stamford towne taken by Henrie Fitzempresse. 388.11.,,,,,,,,,
Standforde bridge,place,0.97,1,Standforde bridge,S,Standforde bridge kept by the Norwegians. 284.72,,,,,,,,,
Stanehorre,place,0.84,1,Stanehorre,S,Stanehorre in the Ile of Tenet. 599.82,,,,,,,,,
Stanes,place,0.81,1,Stanes,S,Stanes. 245.25,,,,,,,,,
Stanhope parke,place,0.95,1,Stanhope parke,S,Stanhope parke. 890.57. a,,,,,,,,,
Sterling Castell,place,0.87,1,Sterling Castell,S,Sterling Castell gaged to the King of Englande. 439.41.,,,,,,,,,
Stirpiney Castell,place,0.97,1,Stirpiney Castell,S,Stirpiney Castell burnt. 385.39.,,,,,,,,,
Stone Abbey,place,0.95,1,Stone Abbey,S,Stone Abbey buylded. 277 31.,,,,,,,,,
Stonhenge,place,0.84,1,Stonhenge,S,"Stonhenge vpon the plain of Salisburie, wherefore there erected. 123.27",,,,,,,,,
Store riuer,place,0.95,1,Store riuer,S,Store riuer. 19.58,,,,,,,,,
Streaneshall,place,0.88,1,Streaneshall,S,Streaneshall nowe called whithy. 179.<?>1,,,,,,,,,
Streaneshall Monasterie,place,0.95,1,Streaneshall Monasterie,S,Streaneshall Monasterie buylded. 17<?>.82,,,,,,,,,
Streneshall,place,0.7,1,Streneshall,S,"Streneshall, or Trentsall Abbey builded. 208.10",,,,,,,,,
Striuelin Abbay,place,0.95,1,Striuelin Abbay,S,Striuelin Abbay in scotlande builded. 203.22,,,,,,,,,
Striuelin Castell,place,0.94,2,Striuelin Castell,S,Striuelin Castell left void 821.50. a. besieged. 839.45. b.,,,,,,,,,
Strowde,place,0.68,1,Strowde,S,"Strowde men in Kent, reprochfully cut off Archbishop Thomas Becket his horse tayle. 415.56",,,,,,,,,
Sture,place,0.86,1,Sture,S,"Sture, a riuer. 17.31",,,,,,,,,
Sture riuer,place,0.95,1,Sture riuer,S,Sture riuer. 215.53,,,,,,,,,
Suale riuer,place,0.95,1,Suale riuer,S,Suale riuer. 148.48,,,,,,,,,
Sudburie hill,place,0.62,1,Sudburie hill,S,Sudburie hill. pag. 1337. col. 1. lin. 15.,,,,,,,,,
Suffolke,place,0.46,2,Suffolke,S,Suffolke spoyled by the Danes. 245.53,,,,,,,,,
Sussex,place,0.88,2,Sussex,S,Sussex wasted by the Danes. 240.73. and 245.4,,,,,,,,,
Swale riuer,place,0.95,1,Swale riuer,S,Swale riuer. 162.13,,,,,,,,,
Swanescombe,place,0.81,1,Swanescombe,S,Swanescombe. 292.50,,,,,,,,,
Swineshed Abbey in Lincolnshire,place,0.95,1,Swineshed Abbey in Lincolnshire,S,Swineshed Abbey in Lincolnshire. 605.41,,,,,,,,,
Tadcaster,place,0.81,1,Tadcaster,T,Tadcaster a town .1820.40,,,,,,,,,
Tay riuer,place,0.95,1,Tay riuer,T,Tay riuer. 69.88,,,,,,,,,
Tailbourgh fortresse,place,0.97,1,Tailbourgh fortresse,T,Tailbourgh fortresse subdued. 4<?>3.90,,,,,,,,,
Tamer riuer,place,0.97,2,Tamer Riuer | Tamer riuer,T,"Tamer Riuer, a confine betweene the Englishmen and Cornishmen. 226.103.",,,,,,,,,
Tamworth towne,place,0.95,1,Tamworth towne,T,Tamworth towne. 1416.57.,,,,,,,,,
Temnesford castell,place,0.88,1,Temnesford castell,T,Temnesford castell builded and destroyed. 222.85,,,,,,,,,
Temple of Claudius,place,0.85,1,Temple of Claudius,T,Temple of Claudius and Victoria builded. 54.45,,,,,,,,,
Tenerchbray Castel,place,0.97,1,Tenerchbray Castel,T,Tenerchbray Castel besieged. 345.<?>3,,,,,,,,,
Terrouan,place,0.91,1,Terrouan,T,Terrouan besieged and won. 937.43. b,,,,,,,,,
Terwin,place,0.84,1,Terwin,T,Terwin rased. 1485.28,,,,,,,,,
Teuide riuer,place,0.95,1,Teuide riuer,T,Teuide riuer. 55.63,,,,,,,,,
Teukesburie,place,0.81,1,Teukesburie,T,Teukesburie 1337.52. field 1338.30.,,,,,,,,,
Thames,place,0.83,6,Thames,T,Thames frozen ye men passe ouer on horsebacke. 761.12. and .780.37.,,,,,,,,,
Thamworth town,place,0.95,1,Thamworth town,T,Thamworth town. 222.37,,,,,,,,,
Theadford towne,place,0.95,1,Theadford towne,T,Theadford towne. 230.9,,,,,,,,,
Theisedale,place,0.89,1,Theisedale,T,Theisedale wasted by the Scottes. <?>06.115,,,,,,,,,
Thetford sea,place,0.95,1,Thetford sea,T,Thetford sea remoued too Norwich. 333.78,,,,,,,,,
Thistleworth manor,place,0.97,1,Thistleworth manor,T,Thistleworth manor spoiled. 766.6,,,,,,,,,
Tholous countrey,place,0.92,1,Tholous countrey,T,Tholous countrey spoyled by king Henrie the second. 199.33,,,,,,,,,
Thorney,place,0.88,1,Thorney,T,"Thorney, and why so called. 75.41",,,,,,,,,
Thorney Abbey,place,0.95,1,Thorney Abbey,T,Thorney Abbey establyshed. 234.9,,,,,,,,,
Thunnir,place,0.85,1,Thunnir,T,Thunnir a cruell murtherer in Kent. 180.102,,,,,,,,,
Tickhill Castell,place,0.92,1,Tickhill Castell,T,Tickhill Castell fortified agaynst king Henrie the first. 339.62,,,,,,,,,
Tilney Abbey,place,0.97,1,Til<?>ey Abbey,T,Til<?>ey Abbey founded. 394.25,,,,,,,,,
Tilwall towne,place,0.87,1,Tilwall towne,T,Tilwall towne builded. 222.75.,,,,,,,,,
Tine riuer,place,0.97,3,Tine riuer,T,Tine riuer. 302.61,,,,,,,,,
Tinningham,place,0.8,1,Tinninghã,T,Tinninghã burnt. 227.73,,,,,,,,,
Tinmouth,place,0.86,1,Tinmouth,T,Tinmouth. 325.12,,,,,,,,,
Tinmouth Castell,place,0.79,1,Tinmouth Castell,T,Tinmouth Castell taken by King william Rufus 326.5,,,,,,,,,
Tithings,place,0.85,1,Tithings,T,"Tithings and hundreds, first deuised in England, and why. 217",,,,,,,,,
Tong,place,0.85,1,Tong,T,Tong a place in Kent .126.26.,,,,,,,,,
Tonque Castell,place,0.97,1,Tonque Castell,T,Tonque Castell besieged by Henry ye fifth pa. 1187 col. 1. li. 57. yelded. co. 2. li. 3,,,,,,,,,
Topelife Castell,place,0.97,1,Topelife Castell,T,Topelife Castell fortified. 433.35.,,,,,,,,,
Torksey,place,0.9,2,Torksey,T,Torksey in Linsey. 212 14,,,,,,,,,
Tottenhall battaile,place,0.95,1,Tottenhall battaile,T,"Tottenhall battaile, fought by the Englishmen against the Danes. 221.63",,,,,,,,,
Touceter towne,place,0.97,1,Touceter towne,T,Touceter towne repayred. 222.81.,,,,,,,,,
Tourney,place,0.9,3,Tourney,T,Tourney besieged by king Edwarde the thirde. 910. 27. b. siege rased. 912.9. b,,,,,,,,,
Tower of London,place,0.95,9,Tower of London,T,Tower of London buylded. 28.8,,,,,,,,,
Towton field,place,0.95,1,Towton field,T,Towton field. 1311. c. 2. l. 9,,,,,,,,,
Trent riuer,place,0.85,1,Trent riuer,T,Trent riuer runneth backwarde. 351.36,,,,,,,,,
Treske Castel,place,0.87,1,Treske Castel,T,Treske Castel deliuered to king Henrie the seconde. 436.30.,,,,,,,,,
Trinitie Church in Irelande,place,0.86,1,Trinitie Church in Irelande,T,Trinitie Church in Irelande made the Metropolitane. 386.38,,,,,,,,,
Trow town,place,0.97,1,Trow town,T,Trow town burned. 468. line. 12,,,,,,,,,
Trutulensis hauen,place,0.95,1,Trutulensis hauen,T,Trutulensis hauen. 73.41,,,,,,,,,
Tunbridge Castell,place,0.91,3,Tunbridge Castel | Tunbridge Castell,T,Tunbridge Castell yeelded to Kyng William Rufus. 319.51,,,,,,,,,
Turburie Castell,place,0.82,1,Turburie Castell,T,Turburie Castell ouerthrowen and defaced. 767.22,,,,,,,,,
Tutburie Castell,place,0.87,1,Tutburie Castell,T,Tutburie Castell deliuered to King Henrye the second. 436.32,,,,,,,,,
Tweede Riuer,place,0.89,1,Tweede Riuer,T,Tweede Riuer at thys daye deuideth the two Realmes of Englande and Scotland. 428.7,,,,,,,,,
Vandosme towne,place,0.82,1,Vandosme towne,V,Vandosme towne taken by the Englishmen. 432. line. 46,,,,,,,,,
Vannes,place,0.8,1,Vannes,V,Vannes won by the Englishmen. 918.2. b,,,,,,,,,
Vauconuillers Castel,place,0.93,1,Vauconuillers Castel,V,"Vauconuillers Castel besieged, and taken by the Englishe. page. 1021. col. 1. line. 58",,,,,,,,,
Vernon towne,place,0.76,1,Vernon towne,V,Vernon towne and Castel taken by the frenchmen. 385.51,,,,,,,,,
Vernueill,place,0.82,2,Vernueill,V,"Vernueill besieged by the French King, but not taken, as some write. 429. line. 18",,,,,,,,,
Verolanium,place,0.88,1,Verolanium,V,"Verolanium a towne, and where situate. 64.22",,,,,,,,,
Veuxin in Normandy,place,0.84,1,Veuxin in Normãdy,V,Veuxin in Normãdy wasted 385.32,,,,,,,,,
Vies,place,0.8,1,Vies,V,Vies builded. 23.51,,,,,,,,,
Vies Castell,place,0.88,1,Vies Castell,V,Vies Castell builded. 371. line. 70,,,,,,,,,
Vniuersitie Colledge,place,0.97,1,Vniuersitie Colledge,V,Vniuersitie Colledge in Oxford founded. 312.58,,,,,,,,,
Vniuersitie of Cambridge more,place,0.8,1,Vniuersitie of Cambridge more,V,Vniuersitie of Cambridge more auntiente than of Oxford. 217.61,,,,,,,,,
Vniuersitie of Cambrige,place,0.85,1,Vniuersitie of Cambrige,V,Vniuersitie of Cambrige founded. 171.106,,,,,,,,,
Vniuersitie of Oxforde,place,0.85,1,Vniuersitie of Oxforde,V,Vniuersitie of Oxforde founded. 217.61,,,,,,,,,
Walbroke in London,place,0.83,1,Walbroke in London,W,"Walbroke in London, why so called. 82.50",,,,,,,,,
VValdene Castel,place,0.87,1,VValdene Castel,W,VValdene Castel deliuered to King Stephen. 380.41,,,,,,,,,
Walley battaile,place,0.87,1,Walley battaile,W,"Walley battaile fought by King Ardulfe, againste Duke Wade, and his confederates. 201.64",,,,,,,,,
Waleton Castell,place,0.86,1,Waleton Castell,W,Waleton Castell made playne with the ground. 445.19,,,,,,,,,
Wallingford Castel,place,0.97,1,Wallingford Castel,W,Wallingford Castel besieged. 373.47,,,,,,,,,
VVallingforde,place,0.85,1,VVallingforde,W,"VVallingforde newe Castell, ouer against the old Castell builded. 381.29",,,,,,,,,
Waltham Abbey,place,0.97,1,Walthã Abbey,W,Walthã Abbey by whome founded. 288.32,,,,,,,,,
Waltham Castel,place,0.91,1,Waltham Castel,W,Waltham Castel builded. 377.52,,,,,,,,,
Waltham Colledge,place,0.93,1,Waltham Colledge,W,Waltham Colledge altered fron Priests to Chanons regular. 447.56,,,,,,,,,
Walton,place,0.8,1,Walton,W,Walton. 431.40,,,,,,,,,
Walton Castell,place,0.95,1,Walton Castell,W,Walton Castell. 369.1,,,,,,,,,
Warram Castell,place,0.95,1,Warram Castell,W,Warram Castell. 368.78,,,,,,,,,
VVarrham Castell,place,0.97,1,VVarrham Castell,W,VVarrham Castell besieged and rendred vp. 378. line. 98,,,,,,,,,
Warlamchester,place,0.72,2,Warlamchester,W,Warlamchester destroyed. 88.20,,,,,,,,,
VVaterforde Citie,place,0.97,1,VVaterforde Citie,W,VVaterforde Citie giuen to Robert de Poer. 450. line. 18,,,,,,,,,
Waterforde Citie in Ireland,place,0.97,1,Waterforde Citie in Ireland,W,"Waterforde Citie in Ireland, wonne by the Englishmen. 419.10",,,,,,,,,
VVebbeley Castel,place,0.95,1,VVebbeley Castel,W,VVebbeley Castel. 371.20,,,,,,,,,
Wellehare battayle,place,0.81,1,Wellehare battayle,W,Wellehare battayle fought in Northumberlãd. 201.73,,,,,,,,,
Wenlock Abbey,place,0.87,1,Wenlock Abbey,W,Wenlock Abbey builded. 277.31,,,,,,,,,
Werd,place,0.82,1,Werd,W,"Werd, the name of ye forth in Scotland. 140.9",,,,,,,,,
VVertermore in Scotland,place,0.82,1,VVertermore in Scotland,W,VVertermore in Scotland. 225.68,,,,,,,,,
VVestefoord Citie,place,0.95,1,VVestefoord Citie,W,VVestefoord Citie gyuen to VVilliã Fitz Adeline. 450.17,,,,,,,,,
Westmaria,place,0.83,1,Westmaria,W,"Westmaria, nowe called Westmerland. 68.2",,,,,,,,,
VVestminster,place,0.97,3,VVestminster | Westminster,W,Westminster palaice built 1557.50,,,,,,,,,
Westminster Church,place,0.94,3,VVestminster church | Westminster Church,W,Westminster Church royally repayred. 279.34,,,,,,,,,
VVestminster Hall,place,0.94,2,VVestminster Hal | VVestminster Hall,W,VVestminster Hal should haue bin larger. 329.14,,,,,,,,,
Westminster Monastery,place,0.97,1,Westminster Monastery,W,Westminster Monastery erected. 150.76,,,,,,,,,
Westminster Sanctuarye,place,0.91,1,Westminster Sanctuarye,W,Westminster Sanctuarye. page. 1365. col. 2. line. 52,,,,,,,,,
VVestminster Towne,place,0.97,1,VVestminster Towne,W,"VVestminster Towne, and parish Church spoiled. 778.115",,,,,,,,,
VVestwod,place,0.81,1,VVestwod,W,VVestwod or Lesnes Abbey founded. 447.8,,,,,,,,,
Wexford Citie in Irelãd,place,0.95,1,Wexford Citie in Irelãd,W,Wexford Citie in Irelãd. 421.31,,,,,,,,,
Whitby,place,0.83,1,Whitby,W,Whitby in olde tyme called Streaneshall. 175.82,,,,,,,,,
Whitby Abbey,place,0.84,2,Whitby Abbey,W,Whitby Abbey builded. 308.1,,,,,,,,,
Whiterne,place,0.84,1,Whiterne,W,Whiterne in olde tyme called Candida Casa. 192.27,,,,,,,,,
Whitsand,place,0.8,1,Whitsand,W,Whitsand besides Canterburie. 225.<?>8,,,,,,,,,
Whitsand bay,place,0.95,1,Whitsand bay,W,Whitsand bay. page. 1297. col. 2. line. 45,,,,,,,,,
Wichport,place,0.89,1,Wichport,W,Wichport spoyled by the Danes 239.39. &. 241.39,,,,,,,,,
Wiccies prouince,place,0.95,1,Wiccies prouince,W,"Wiccies prouince, nowe Worcester. 192.19",,,,,,,,,
Wye riuer,place,0.97,2,Wye riuer,W,Wye riuer. 297.29,,,,,,,,,
Wight,place,0.97,1,Wight,W,Wight spoyled by Frenche men. 1007.10. a,,,,,,,,,
Wightham Towne,place,0.95,1,Wightham Towne,W,Wightham Towne buylded. 221.1,,,,,,,,,
Wigmore Castell,place,0.95,2,Wigmore Castell,W,Wigmore Castell surrendred to the king. 396.13,,,,,,,,,
Wigmore towne,place,0.97,1,Wigmore towne,W,Wigmore towne repayred. 222.82.,,,,,,,,,
Wilshire,place,0.89,1,Wilshire,W,Wilshire wasted by the Danes. 245.77. & .252.10,,,,,,,,,
Wilton,place,0.95,1,Wilton,W,Wilton woon and rifled by the Danes. 243.59,,,,,,,,,
Wilton Abbey,place,0.97,1,Wilton Abbey,W,Wilton Abbey buylded. 226.116,,,,,,,,,
VVilton battaile,place,0.97,1,VVilton battaile,W,VVilton battaile foughte by the Danes againste the Englishmen. 212.2,,,,,,,,,
VVilton Nunrie,place,0.96,2,VVilton Nunrie | Wilton Nunrie,W,"Wilton Nunrie buylded, & richly endowed. 234.10",,,,,,,,,
Wilton Towne,place,0.97,1,Wilton Towne,W,Wilton Towne set on fire. 379.75.,,,,,,,,,
Wimundham,place,0.8,1,Wimundham,W,Wimundham. 445.8,,,,,,,,,
Wimundham Priory,place,0.97,1,Wimundham Priory,W,Wimundham Priory founded. 705,,,,,,,,,
VVinborne Abbey,place,0.95,1,VVinborne Abbey,W,VVinborne Abbey. 211.14,,,,,,,,,
Winbourne towne,place,0.86,1,Winbourne towne,W,Winbourne towne taken. 219.95,,,,,,,,,
Winchcomb Abbey,place,0.97,1,Winchcomb Abbey,W,Winchcomb Abbey founded. 201.5,,,,,,,,,
Winchcomb. Church,place,0.89,1,Winchcomb. Church,W,Winchcomb. Church builded. 200.105,,,,,,,,,
VVinchcombe,place,0.81,1,VVinchcombe,W,VVinchcombe Steeple & Church throwne downe by thunder and lyghtning. 322.1,,,,,,,,,
Winchelsey town,place,0.82,1,Winchelsey town,W,Winchelsey town spoyled by the rage of the Sea. 723.53,,,,,,,,,
Winchester,place,0.84,5,VVinchester | Winchester,W,"Winchester won by surrender, and spoyled by the Barons. 772.49",,,,,,,,,
Winchester castell,place,0.94,2,Winchester castel | Winchester castell,W,Winchester castel besieged. 377.60.,,,,,,,,,
VVinchester Churche,place,0.85,1,VVinchester Churche,W,VVinchester Churche builded. 180.70,,,,,,,,,
VVinchester Citie,place,0.94,1,VVinchester Citie,W,VVinchester Citie destroyed by the Danes. 208.55,,,,,,,,,
Windesor Castell,place,0.95,1,Windesor Castell,W,Windesor Castell. 326.36,,,,,,,,,
Windsor Castell,place,0.94,1,Windsor Castell,W,Windsor Castell besieged by the Barons. 603.19. they raise theyr Campe secretely in the nyghte. 604.46,,,,,,,,,
Windsore,place,0.95,1,Windsore,W,Windsore. 278.76,,,,,,,,,
Windsore castell,place,0.97,2,Windsore castell,W,Windsore castell repayred. 963.34. b.,,,,,,,,,
Windsore fortresse,place,0.97,1,Windsore fortresse,W,Windsore fortresse. 391.12,,,,,,,,,
Wiptish fielde,place,0.95,1,Wiptish fielde,W,Wiptish fielde fought betweene the Britains and Saxons. 126.25,,,,,,,,,
VVire riuer,place,0.95,1,VVire riuer,W,VVire riuer. 178.105,,,,,,,,,
VViremouth Abbey,place,0.93,2,VViremouth Abbey | Wiremouth Abbey,W,Wiremouth Abbey buylded. 163.8,,,,,,,,,
Witgaresbridge,place,0.84,1,Witgaresbridge,W,Witgaresbridge in the Ile of Wight. 131.48,,,,,,,,,
VVoodstock manor,place,0.87,1,VVoodstock manor,W,VVoodstock manor builded. 364.13,,,,,,,,,
wolney,place,0.81,1,wolney,W,wolney foure Miles from warwike. 1321.40,,,,,,,,,
VVoluesey castell,place,0.97,1,VVoluesey castell,W,VVoluesey castell won by Lewes. <?>01.3,,,,,,,,,
VVorcester Citie,place,0.87,1,VVorcester Citie,W,"VVorcester Citie taken, and sacked by the Barons. 765.54",,,,,,,,,
VVorceter Abbey,place,0.93,1,VVorceter Abbey,W,VVorceter Abbey buylded. 277.31,,,,,,,,,
VVorceter castell,place,0.94,1,VVorceter castell,W,VVorceter castell besieged and deliuered. 384.20,,,,,,,,,
VVorceter Citie,place,0.91,4,VVorceter Citie | VVorceter citie,W,"VVorceter Citie and the Countrey burnt, and sacked, for sleaing K. Hardicnuts collectors. 267.26",,,,,,,,,